"Name","Conf","Campaign","IconOverride","SkinGroupId","ObtainType","ObtainTypeCN","LastChance","MasterSkin","PetSkin","PetSkin2","CostStarPoints","CostGems","CostCoins","TID","ShopTID","Features","CommunityCredit","MaterialsFile","BlueTexture","RedTexture","BlueSpecular","RedSpecular","OutlineShader"
"string","string","string","string","int","int","int","boolean","string","string","string","int","int","int","string","string","string","string","string","string","string","string","string","string"
"BanditGirlDefault","BanditGirlDefault",,,,,,,,,,,,,,,,,,"shelly_v2_01.pvr","shelly_v2_01.pvr","shelly_v2_01.pvr","shelly_v2_01.pvr",
"GunSlingerDefault","GunSlingerDefault",,,,,,,,,,,,,,,,,,"colt_tex.pvr","colt_tex.pvr","colt_tex.pvr","colt_tex.pvr",
"GunSlingerRockstar","GunSlingerRockstar",,,,,,,,,,,29,,"TID_GUNSLINGER_ROCKSTAR_SKIN","TID_GUNSLINGER_ROCKSTAR_SKIN_SHOP","MODEL",,,"colt_rockstar_tex.pvr","colt_rockstar_tex.pvr","colt_rockstar_tex.pvr","colt_rockstar_tex.pvr",
"BullGuyDefault","BullGuyDefault",,,,,,,,,,,,,,,,,,"bull_tex_01.pvr","bull_tex_01.pvr","bull_tex_01.pvr","bull_tex_01.pvr",
"RocketGirlDefault","RocketGirlDefault",,,,,,,,,,,,,,,,,,"brock_tex.pvr+hue(masks/brock/brock_ammo_msk.png,230.233002)","brock_tex.pvr","brock_tex.pvr+hue(masks/brock/brock_ammo_msk.png,213.488007)","brock_tex.pvr",
"RocketGirlBeach","RocketGirlBeach",,,,,,,,,,,79,,"TID_ROCKET_BEACH_SKIN","TID_ROCKET_BEACH_SKIN_SHOP","MODEL,VFX,SFX",,,"brock_beach_tex.pvr+hue(masks/brock/brock_ammo_beach_msk.png,230.233002)","brock_beach_tex.pvr","brock_beach_tex.pvr+hue(masks/brock/brock_ammo_beach_msk.png,213.488007)","brock_beach_tex.pvr",
"TntGuyDefault","TntGuyDefault",,,,,,,,,,,,,,,,,,"dynamike_tex.pvr+hue(masks/dynamike/dynamike_red_blue_msk.png,221.860001)","dynamike_tex.pvr","dynamike_tex.pvr+hue(masks/dynamike/dynamike_red_blue_msk.png,213.488007)","dynamike_tex.pvr",
"LuchadorDefault","LuchadorDefault",,,,,,,,,,,,,,,,,,"primo_tex.pvr","primo_tex.pvr","primo_tex.pvr","primo_tex.pvr",
"TurretDefault","TurretDefault",,,,,,,,,,,,,,,,,,"dogturret.pvr","dogturret.pvr","dogturret.pvr","dogturret.pvr",
"TrickshotDefault","TrickshotDefault",,,,,,,,,,,,,,,,,,"rico_tex.pvr","rico_tex.pvr","rico_tex.pvr","rico_tex.pvr",
"CactusDefault","CactusDefault",,,,,,,,,,,,,,,,,,"spike_tex.pvr","spike_tex.pvr","spike_tex.pvr","spike_tex.pvr",
"CactusPink","CactusPink",,,,,,,,,,,79,,"TID_CACTUS_PINK_SKIN","TID_CACTUS_PINK_SKIN_SHOP","MODEL,VFX",,,"spike_blossom_tex.pvr","spike_blossom_tex.pvr","spike_blossom_tex.pvr","spike_blossom_tex.pvr",
"BarkeepDefault","BarkeepDefault",,,,,,,,,,,,,,,,,,"barley_tex.pvr","barley_tex.pvr","barley_tex.pvr","barley_tex.pvr",
"MechanicDefault","MechanicDefault",,,,,,,,"TurretDefault",,,,,,,,,,"jessie_tex.pvr","jessie_tex.pvr","jessie_tex.pvr","jessie_tex.pvr",
"ShamanDefault","ShamanDefault",,,,,,,,"ShamanBearDefault",,,,,,,,,,"nita_tex.pvr","nita_tex.pvr","nita_tex.pvr","nita_tex.pvr",
"ShamanPanda","ShamanPanda",,,,,,,,"ShamanBearPanda",,,29,,"TID_SHAMAN_PANDA_SKIN","TID_SHAMAN_PANDA_SKIN_SHOP","MODEL,PET",,,"nita_panda_tex.pvr","nita_panda_tex.pvr","nita_panda_tex.pvr","nita_panda_tex.pvr",
"ShamanBearDefault","ShamanBearDefault",,,,,,,,,,,,,,,,,,"nita_bear_tex.pvr","nita_bear_tex.pvr","nita_bear_tex.pvr","nita_bear_tex.pvr",
"ShamanBearPanda","ShamanBearPanda",,,,,,,,,,,,,,,,,,"nita_bear_panda_tex.pvr","nita_bear_panda_tex.pvr","nita_bear_panda_tex.pvr","nita_bear_panda_tex.pvr",
"UndertakerDefault","UndertakerDefault",,"icon_skin_mortis_nohat",1,,,,,,,,,,,,,,,"mortis_v2_tex.pvr","mortis_v2_tex.pvr","mortis_v2_tex.pvr","mortis_v2_tex.pvr",
"CrowDefault","CrowDefault",,,,,,,,,,,,,,,,,,"crow_tex.pvr","crow_tex.pvr","crow_tex.pvr","crow_tex.pvr",
"CrowWhite","CrowWhite",,,,,,,,,,,79,,"TID_CROW_WHITE_SKIN","TID_CROW_WHITE_SKIN_SHOP","MODEL,TEXTURE",,,"crow_white_tex.pvr","crow_white_tex.pvr","crow_white_tex.pvr","crow_white_tex.pvr",
"DeadMariachiDefault","DeadMariachiDefault",,,,,,,,,,,,,,,,,,"poco_tex.pvr","poco_tex.pvr","poco_tex.pvr","poco_tex.pvr",
"BowDudeDefault","BowDudeDefault",,,,,,,,"BowDudeTotemDefault",,,,,,,,,,"bo_tex.pvr","bo_tex.pvr","bo_tex.pvr","bo_tex.pvr",
"SniperDefault","SniperDefault",,,,,,,,,,,,,,,,,,"piper_tex.pvr","piper_tex.pvr","piper_tex.pvr","piper_tex.pvr",
"MinigunDudeDefault","MinigunDudeDefault",,,,,,,,"HealstationDefault",,,,,,,,,,,,,,
"BullGuyHair","BullGuyHair",,,,,,,,,,,79,,"TID_BULL_HAIR_SKIN","TID_BULL_HAIR_SKIN_SHOP","MODEL",,,"bull_viking_tex.pvr","bull_viking_tex.pvr","bull_viking_tex.pvr","bull_viking_tex.pvr",
"TrickshotGold","TrickshotGold",,,,,,,,,,,149,,"TID_TRICKSHOT_GOLD_SKIN","TID_TRICKSHOT_GOLD_SKIN_SHOP","MODEL,VFX",,,"rico_gold_tex.pvr","rico_gold_tex.pvr","rico_gold_tex.pvr","rico_gold_tex.pvr",
"BarkeepGold","BarkeepGold",,,,,,,,,,,29,,"TID_BARKEEP_GOLD_SKIN","TID_BARKEEP_GOLD_SKIN_SHOP","MODEL,VFX",,,"barley_banker_tex.pvr","barley_banker_tex.pvr","barley_banker_tex.pvr","barley_banker_tex.pvr",
"LuchadorRudo","LuchadorRudo",,,,,,,,,,,79,,"TID_LUCHADOR_RUDO_SKIN","TID_LUCHADOR_RUDO_SKIN_SHOP","MODEL,ANIM",,,"primo_elrudo_tex.pvr","primo_elrudo_tex.pvr","primo_elrudo_tex.pvr","primo_elrudo_tex.pvr",
"BanditGirlBandita","BanditGirlBandita",,,,,4,,,,,,29,,"TID_SHOTGUN_BANDITA_SKIN","TID_SHOTGUN_BANDITA_SKIN_SHOP","MODEL",,,"shelly_bandita_tex.pvr","shelly_bandita_tex.pvr","shelly_bandita_tex.pvr","shelly_bandita_tex.pvr",
"LuchadorRey","LuchadorRey",,,,,,,,,,,149,,"TID_LUCHADOR_KING_SKIN","TID_LUCHADOR_KING_SKIN_SHOP","MODEL,VFX,ANIM",,,"primo_elrey_tex.pvr","primo_elrey_tex.pvr","primo_elrey_tex.pvr","primo_elrey_tex.pvr",
"BallDefault","BallDefault",,,,,,,,,,,,,,,,,,,,,,
"BlackholeDefault","BlackholeDefault",,,,,,,,,,,,,,,,,,"tara_tex.pvr","tara_tex.pvr","tara_tex.pvr","tara_tex.pvr",
"HealstationDefault","HealstationDefault",,,,,,,,,,,,,,,,,,"pam_turret_blue_tex.pvr","pam_turret_red_tex.pvr","pam_turret_blue_tex.pvr","pam_turret_red_tex.pvr",
"BarrelbotDefault","BarrelbotDefault",,,,,,,,,,,,,,,,,,"darryl_tex.pvr","darryl_tex.pvr","darryl_tex.pvr","darryl_tex.pvr+value(masks/darryl/darryl_msk.png,0.698000)",
"BlackholePetDefault","BlackholePetDefault",,,,,,,,,,,,,,,,,,"tara_superability_tex.pvr","tara_superability_tex.pvr","tara_superability_tex.pvr","tara_superability_tex.pvr",
"TntPetDefault","TntPetDefault",,,,,,,,,,,,,,,,,,"nita_bear_tex.pvr","nita_bear_tex.pvr","nita_bear_tex.pvr","nita_bear_tex.pvr",
"RangedBotDefault","RangedBotDefault",,,,,,,,,,,,,,,,,,"rangedbot_tex.pvr","rangedbot_tex.pvr","rangedbot_tex.pvr","rangedbot_tex.pvr",
"MeleeFastBotDefault","MeleeFastBotDefault",,,,,,,,,,,,,,,,,,"fastmeleebot_tex.pvr","fastmeleebot_tex.pvr","fastmeleebot_tex.pvr","fastmeleebot_tex.pvr",
"MeleeBotDefault","MeleeBotDefault",,,,,,,,,,,,,,,,,,"meleebot_tex.pvr","meleebot_tex.pvr","meleebot_tex.pvr","meleebot_tex.pvr",
"BossBotDefault","BossBotDefault",,,,,,,,,,,,,,,,,,"bossbot_tex.pvr","bossbot_tex.pvr","bossbot_tex.pvr","bossbot_tex.pvr",
"ArtilleryGalDefault","ArtilleryGalDefault",,,,,,,,"ArtilleryTurretDefault",,,,,,,,,,"mari_tex.pvr","mari_tex.pvr","mari_tex.pvr","mari_tex.pvr",
"FrankDefault","FrankDefault",,,,,,,,,,,,,,,,,,"frank_tex.pvr","frank_tex.pvr","frank_tex.pvr","frank_tex.pvr",
"ArtilleryTurretDefault","ArtilleryTurretDefault",,,,,,,,,,,,,,,,,,"mari_tex.pvr","mari_tex.pvr","mari_tex.pvr","mari_tex.pvr",
"MechanicKnight","MechanicKnight",,,,,,,,"TurretDragon",,,149,,"TID_MECHANIC_KNIGHT_SKIN","TID_MECHANIC_KNIGHT_SKIN_SHOP","MODEL,TURRET,VFX,ANIM",,,"jessie_knight_tex.pvr","jessie_knight_tex.pvr","jessie_knight_tex.pvr","jessie_knight_tex.pvr",
"FrankCaveman","FrankCaveman","ARCHIVED",,,4,4,,,,,,79,,"TID_FRANK_CAVEMAN_SKIN","TID_FRANK_CAVEMAN_SKIN_SHOP","MODEL",,,"frank_caveman_01.pvr","frank_caveman_01.pvr","frank_caveman_01.pvr","frank_caveman_01.pvr",
"TurretDragon","TurretDragon",,,,,,,,,,,,,,,,,,"turret_dragon_tex.pvr","turret_dragon_tex.pvr","turret_dragon_tex.pvr","turret_dragon_tex.pvr",
"MechanicSummer","MechanicSummer",,,,,,,,"TurretSummertime",,,79,,"TID_MECHANIC_SUMMER_SKIN","TID_MECHANIC_SUMMER_SKIN_SHOP","MODEL,TURRET,VFX",,,"jessie_summertime_tex.pvr","jessie_summertime_tex.pvr","jessie_summertime_tex.pvr","jessie_summertime_tex.pvr",
"TurretSummertime","TurretSummertime",,,,,,,,,,,,,,,,,,"turret_summertime_tex.pvr","turret_summertime_tex.pvr","turret_summertime_tex.pvr","turret_summertime_tex.pvr",
"CrowPheonix","CrowPheonix",,,,,,,,,,,299,,"TID_CROW_PHEONIX_SKIN","TID_CROW_PHEONIX_SKIN_SHOP","MODEL,VFX,ANIM",,,"crow_pheonix_tex.pvr","crow_pheonix_tex.pvr","crow_pheonix_tex.pvr","crow_pheonix_tex.pvr",
"UndertakerGreaser","UndertakerGreaser","ARCHIVED",,,4,4,,,,,,149,,"TID_UNDERTAKER_GREASER_SKIN","TID_UNDERTAKER_GREASER_SKIN_SHOP","MODEL,ANIM",,,"mortis_greaser_tex_02.pvr","mortis_greaser_tex_02.pvr","mortis_greaser_tex_02.pvr","mortis_greaser_tex_02.pvr",
"BigBotDefault","BigBotDefault",,,,,,,,,,,,,,,,,,"meleebot_tex.pvr","meleebot_tex.pvr","meleebot_tex.pvr","meleebot_tex.pvr",
"BanditGirlPrereg","BanditGirlPrereg",,,,1,3,,,,,,,,"TID_SHOTGUN_STAR_SKIN","TID_SHOTGUN_STAR_SKIN_SHOP","MODEL,VFX",,,"shelly_prereg_01.pvr","shelly_prereg_01.pvr","shelly_prereg_01.pvr","shelly_prereg_01.pvr",
"LootBox","LootBox",,,,,,,,,,,,,,,,,,,,,,
"TntBox","TntBox",,,,,,,,,,,,,,,,,,,,,,
"Safe","Safe",,,,,,,,,,,,,,,,,,,,,,
"TntGuySanta","TntGuySanta","BRAWLIDAYS_2018",,,4,4,"true",,,,,79,,"TID_DYNAMIKE_SANTA_SKIN","TID_DYNAMIKE_SANTA_SKIN_SHOP","MODEL,VFX",,,"dynamike_santa_tex.pvr+hue(masks/dynamike/dynamike_santa_msk.png,221.860001)","dynamike_santa_tex.pvr","dynamike_santa_tex.pvr+hue(masks/dynamike/dynamike_santa_msk.png,213.488007)","dynamike_santa_tex.pvr",
"TntGuyChef","TntGuyChef","ARCHIVED",,,4,4,,,,,,149,,"TID_DYNAMIKE_CHEF_SKIN","TID_DYNAMIKE_CHEF_SKIN_SHOP","MODEL,VFX",,,"dynamike_chef_tex.pvr+hue(masks/dynamike/dynamike_chef_msk.png,221.860001)","dynamike_chef_tex.pvr","dynamike_chef_tex.pvr+hue(masks/dynamike/dynamike_chef_msk.png,213.488007)","dynamike_chef_tex.pvr",
"RocketGirlBoombox","RocketGirlBoombox","ARCHIVED",,,4,4,,,,,,79,,"TID_BROCK_BOOMBOX_SKIN","TID_BROCK_BOOMBOX_SKIN_SHOP","MODEL",,,"brock_boombox_tex.pvr+hue(masks/brock/brock_ammo_boombox_msk.png,230.233002)","brock_boombox_tex.pvr","brock_boombox_tex.pvr+hue(masks/brock/brock_ammo_boombox_msk.png,213.488007)","brock_boombox_tex.pvr",
"BarkeepWizard","BarkeepWizard",,,,2,4,,,,,,,,"TID_BARLEY_WIZARD_SKIN","TID_BARLEY_WIZARD_SKIN_SHOP","MODEL,VFX,ANIM,SFX",,,"barley_wizard_tex.pvr","barley_wizard_tex.pvr","barley_wizard_tex.pvr","barley_wizard_tex.pvr",
"ShamanReindeer","ShamanReindeer","BRAWLIDAYS_2018",,,4,4,"true",,"ShamanBearReindeer",,,149,,"TID_NITA_REINDEER_SKIN","TID_NITA_REINDEER_SKIN_SHOP","MODEL,PET",,,"nita_reindeer_tex.pvr","nita_reindeer_tex.pvr","nita_reindeer_tex.pvr","nita_reindeer_tex.pvr",
"ArtilleryGalElf","ArtilleryGalElf","BRAWLIDAYS_2018",,,4,4,"true",,"ArtilleryTurretElf",,,79,,"TID_PENNY_ELF_SKIN","TID_PENNY_ELF_SKIN_SHOP","MODEL,TURRET,VFX",,,"penny_elf_tex.pvr","penny_elf_tex.pvr","penny_elf_tex.pvr","penny_elf_tex.pvr",
"NinjaDefault","NinjaDefault",,,,,,,,,,,,,,,,,,"leon_tex.pvr","leon_tex.pvr","leon_tex.pvr","leon_tex.pvr",
"UndertakerHat","UndertakerHat",,"icon_skin_mortis_hat",1,5,5,,"UndertakerDefault",,,,,,"TID_UNDERTAKER_HAT_SKIN","TID_UNDERTAKER_HAT_SKIN_SHOP","MODEL",,,"mortis_v2_tex.pvr","mortis_v2_tex.pvr","mortis_v2_tex.pvr","mortis_v2_tex.pvr",
"BullGuyFootbull","BullGuyFootbull","ARCHIVED",,,4,4,,,,,,79,,"TID_SKIN_FOOTBULL","TID_SKIN_FOOTBULL_SHOP","MODEL",,,"bull_footbull_tex.pvr","bull_footbull_tex.pvr","bull_footbull_tex.pvr","bull_footbull_tex.pvr",
"ShamanBearReindeer","ShamanBearReindeer",,,,,,,,,,,,,,,,,,"nita_bear_reindeer_tex.pvr","nita_bear_reindeer_tex.pvr","nita_bear_reindeer_tex.pvr","nita_bear_reindeer_tex.pvr",
"ArtilleryTurretElf","ArtilleryTurretElf",,,,,,,,,,,,,,,,,,"penny_elf_tex.pvr","penny_elf_tex.pvr","penny_elf_tex.pvr","penny_elf_tex.pvr",
"HookDefault","HookDefault",,,,,,,,,,,,,,,,,,"gene_tex.pvr","gene_tex.pvr","gene_tex.pvr","gene_tex.pvr",
"TrickshotPopcorn","TrickshotPopcorn",,,,,,,,,,,149,,"TID_SKIN_POPCORN_RICO","TID_SKIN_POPCORN_RICO_SHOP","MODEL,VFX",,,"rico_popcorn_tex.pvr","rico_popcorn_tex.pvr","rico_popcorn_tex.pvr","rico_popcorn_tex.pvr",
"GunSlingerHanbok","GunSlingerHanbok","LNY_2019",,,4,4,"true",,,,,149,,"TID_SKIN_LUNAR_COLT","TID_SKIN_LUNAR_COLT_SHOP","MODEL,TEXTURE,VFX",,,"colt_hanbok_tex.pvr","colt_hanbok_tex.pvr","colt_hanbok_tex.pvr","colt_hanbok_tex.pvr",
"BarrelbotCny","BarrelbotCny","LNY_2019",,,4,4,"true",,,,,79,,"TID_SKIN_DUMPLING_DARRYL","TID_SKIN_DUMPLING_DARRYL_SHOP","MODEL,TEXTURE,VFX",,,"darryl_cny_tex.pvr","darryl_cny_tex.pvr","darryl_cny_tex.pvr","darryl_cny_tex.pvr",
"PocoValentine","PocoValentine",,,,,,,,,,,149,,"TID_SKIN_VALENTINE_POCO","TID_SKIN_VALENTINE_POCO_SHOP","MODEL,VFX",,,"poco_valentine_tex.pvr","poco_valentine_tex.pvr","poco_valentine_tex.pvr","poco_valentine_tex.pvr",
"RocketGirlCny","RocketGirlCny","LNY_2019",,,4,4,"true",,,,,149,,"TID_SKIN_LUNAR_BROCK","TID_SKIN_LUNAR_BROCK_SHOP","MODEL,TEXTURE,VFX",,,"brock_cny_tex.pvr","brock_cny_tex.pvr","brock_cny_tex.pvr","brock_cny_tex.pvr",
"WhirlwindDefault","WhirlwindDefault",,,,,,,,,,,,,,,,,,"carl_tex.pvr","carl_tex.pvr","carl_tex.pvr","carl_tex.pvr",
"RoboWarsBox","RoboWarsBox",,,,,,,,,,,,,,,,,,,,,,
"UndertakerNightwitch","UndertakerNightwitch",,,,,,,,,,,149,,"TID_UNDERTAKER_NIGHTWITCH_SKIN","TID_UNDERTAKER_NIGHTWITCH_SKIN_SHOP","MODEL,VFX",,,"mortis_nightwitch_tex.pvr","mortis_nightwitch_tex.pvr","mortis_nightwitch_tex.pvr","mortis_nightwitch_tex.pvr",
"RoboWarsBaseDefault","RoboWarsBaseDefault",,,,,,,,,,,,,,,,,,"siege_base.pvr","siege_base_red.pvr",,,
"RosaDefault","RosaDefault",,,,,,,,,,,,,,,,,,,,,,
"MineCart","MineCart",,,,,,,,,,,,,,,,,,,,,,
"ShamanShiba","ShamanShiba",,,,,,,,"ShamanBearShiba",,,149,,"TID_SHAMAN_SHIBA_SKIN","TID_SHAMAN_SHIBA_SKIN_SHOP","MODEL,PET,VFX,ANIM,SFX",,,"nita_shiba_tex.pvr","nita_shiba_tex.pvr","nita_shiba_tex.pvr","nita_shiba_tex.pvr",
"ShamanBearShiba","ShamanBearShiba",,,,,,,,,,,,,,,,,,"nita_bear_shiba_tex.pvr","nita_bear_shiba_tex.pvr","nita_bear_shiba_tex.pvr","nita_bear_shiba_tex.pvr",
"BaseballDefault","BaseballDefault",,,,,,,,,,,,,,,,,,"bibi_tex.pvr","bibi_tex.pvr","bibi_tex.pvr","bibi_tex.pvr",
"MineCartB","MineCartB",,,,,,,,,,,,,,,,,,,,,,
"MineCartC","MineCartC",,,,,,,,,,,,,,,,,,,,,,
"MineCartD","MineCartD",,,,,,,,,,,,,,,,,,,,,,
"MineCartE","MineCartE",,,,,,,,,,,,,,,,,,,,,,
"ClusterBombDefault","ClusterBombDefault",,,,,,,,"ClusterBombPetDefault",,,,,,,,,,"tick_tex.pvr","tick_tex.pvr","tick_tex.pvr","tick_tex.pvr",
"ClusterBombPetDefault","ClusterBombPetDefault",,,,,,,,,,,,,,,,,,"tick_tex.pvr","tick_tex.pvr","tick_tex.pvr","tick_tex.pvr",
"ArtilleryGalBunny","ArtilleryGalBunny",,,,,,,,"ArtilleryTurretBunny",,,79,,"TID_PENNY_BUNNY_SKIN","TID_PENNY_BUNNY_SKIN_SHOP","MODEL,TURRET,VFX",,,"penny_bunny_tex.pvr","penny_bunny_tex.pvr","penny_bunny_tex.pvr","penny_bunny_tex.pvr",
"ArtilleryTurretBunny","ArtilleryTurretBunny",,,,,,,,,,,,,,,,,,"penny_bunny_tex.pvr","penny_bunny_tex.pvr","penny_bunny_tex.pvr","penny_bunny_tex.pvr",
"BarkeepMs","BarkeepMs",,,,,,,,,,,149,,"TID_BARLEY_MS_SKIN","TID_BARLEY_MS_SKIN_SHOP","MODEL,VFX,ANIM",,,"barley_ms_tex.pvr","barley_ms_tex.pvr","barley_ms_tex.pvr","barley_ms_tex.pvr",
"RocketGirlHotrod","RocketGirlHotrod",,,,,,,,,,,149,,"TID_BROCK_HOTROD_SKIN","TID_BROCK_HOTROD_SKIN_SHOP","MODEL,VFX",,,"brock_hotrod_tex.pvr","brock_hotrod_tex.pvr","brock_hotrod_tex.pvr","brock_hotrod_tex.pvr",
"BarkeepMaple","BarkeepLumberjack",,,,,,,,,,,79,,"TID_BARLEY_MAPLE_SKIN","TID_BARLEY_MAPLE_SKIN_SHOP","MODEL,VFX",,,"barley_lumberjack_tex.pvr","barley_lumberjack_tex.pvr","barley_lumberjack_tex.pvr","barley_lumberjack_tex.pvr",
"WhirlwindRR","WhirlwindHotrod",,,,,,,,,,,79,,"TID_CARL_RR_SKIN","TID_CARL_RR_SKIN_SHOP","MODEL,VFX",,,"carl_hotrod_tex.pvr","carl_hotrod_tex.pvr","carl_hotrod_tex.pvr","carl_hotrod_tex.pvr",
"BoMecha","BoMecha",,"icon_skin_bo_mechaorange",8,,,,,,,,299,,"TID_BO_MECHA_SKIN","TID_BO_MECHA_SKIN_SHOP","MODEL,VFX,ANIM,SFX,VOICE",,,"bo_mecha_tex.png+hue(masks/bo/bo_mecha_ammo_msk.png,205.115997)","bo_mecha_tex.png","bo_mecha_tex.png+hue(masks/bo/bo_mecha_ammo_msk.png,205.115997)","bo_mecha_tex.png",
"CrowMecha","CrowMecha",,"icon_skin_crow_mechablue",9,,,,,,,,299,,"TID_CROW_MECHA_SKIN","TID_CROW_MECHA_SKIN_SHOP","MODEL,VFX,ANIM,SFX,VOICE",,,"crow_mecha_tex.png","crow_mecha_tex.png","crow_mecha_tex.png","crow_mecha_tex.png",
"Cactusmecha","Cactusmecha",,,,,,,,,,,149,,"TID_SPIKE_ROBO_SKIN","TID_SPIKE_ROBO_SKIN_SHOP","MODEL,VFX,ANIM,SFX",,,"spike_mecha_tex.pvr","spike_mecha_tex.pvr","spike_mecha_tex.pvr","spike_mecha_tex.pvr",
"TntDudeMecha","TntDudeMecha",,,,,,,,,,,299,,"TID_MIKE_ROBO_SKIN","TID_MIKE_ROBO_SKIN_SHOP","MODEL,VFX,ANIM,SFX,VOICE",,,"dynamike_mecha_tex.pvr+hue(masks/dynamike/dynamike_mecha_ammo_msk.png,198.000000)+value(masks/dynamike/dynamike_mecha_ammo_msk.png,1.279000)","dynamike_mecha_tex.pvr","dynamike_mecha_tex.pvr+hue(masks/dynamike/dynamike_mecha_ammo_msk.png,198.000000)","dynamike_mecha_tex.pvr",
"BowDudeMechaWhite","BoMecha",,"icon_skin_bo_mechawhite",8,,,,,"BowDudeTotemDefault",,10000,,,"TID_BO_MECHA_LIGHT_SKIN","TID_BO_MECHA_LIGHT_SKIN_SHOP","MODEL,VFX,ANIM,SFX,VOICE",,,"bo_mecha_tex.png+saturation(masks/bo/bo_mecha_colour02_msk.png,0.000000)+saturation(masks/bo/bo_mecha_colour01_msk.png,2.674000)+value(masks/bo/bo_mecha_colour01_msk.png,2.442000)+hue(masks/bo/bo_mecha_colour01_msk.png,12.558000)+saturation(masks/bo/bo_mecha_seams_msk.png,0.000000)+hue(masks/bo/bo_mecha_eyesvisor_msk.png,20.930000)+value(masks/bo/bo_mecha_colour02_msk.png,0.800000)+hue(masks/bo/bo_mecha_ammo_msk.png,205.115997)","bo_mecha_tex.png+saturation(masks/bo/bo_mecha_colour02_msk.png,0.000000)+saturation(masks/bo/bo_mecha_colour01_msk.png,2.674000)+value(masks/bo/bo_mecha_colour01_msk.png,2.442000)+hue(masks/bo/bo_mecha_colour01_msk.png,12.558000)+saturation(masks/bo/bo_mecha_seams_msk.png,0.000000)+hue(masks/bo/bo_mecha_eyesvisor_msk.png,20.930000)+value(masks/bo/bo_mecha_colour02_msk.png,0.800000)","bo_mecha_tex.png+saturation(masks/bo/bo_mecha_colour02_msk.png,0.000000)+saturation(masks/bo/bo_mecha_colour01_msk.png,5.349000)+hue(masks/bo/bo_mecha_eyesvisor_msk.png,20.930000)+hue(masks/bo/bo_mecha_ammo_msk.png,205.115997)","bo_mecha_tex.png+saturation(masks/bo/bo_mecha_colour02_msk.png,0.000000)+saturation(masks/bo/bo_mecha_colour01_msk.png,5.349000)+hue(masks/bo/bo_mecha_eyesvisor_msk.png,20.930000)+hue(masks/bo/bo_mecha_colour02_msk.png,0.000000)",
"BowDudeMechaGold","BoMecha",,"icon_skin_bo_mechayellow",8,,,,,"BowDudeTotemDefault",,50000,,,"TID_BO_MECHA_GOLD_SKIN","TID_BO_MECHA_GOLD_SKIN_SHOP","MODEL,VFX,ANIM,SFX,VOICE",,,"bo_mecha_tex.png+value(masks/bo/bo_mecha_colour01_msk.png,1.047000)+saturation(masks/bo/bo_mecha_colour01_msk.png,8.721000)+hue(masks/bo/bo_mecha_colour01_msk.png,12.558000)+hue(masks/bo/bo_mecha_colour02_msk.png,16.000000)+value(masks/bo/bo_mecha_colour02_msk.png,3.605000)+hue(masks/bo/bo_mecha_eyesvisor_msk.png,213.488007)+hue(masks/bo/bo_mecha_ammo_msk.png,205.115997)","bo_mecha_tex.png+value(masks/bo/bo_mecha_colour01_msk.png,1.047000)+saturation(masks/bo/bo_mecha_colour01_msk.png,8.721000)+hue(masks/bo/bo_mecha_colour01_msk.png,12.558000)+hue(masks/bo/bo_mecha_colour02_msk.png,16.000000)+value(masks/bo/bo_mecha_colour02_msk.png,3.605000)+hue(masks/bo/bo_mecha_eyesvisor_msk.png,213.488007)","bo_mecha_tex.png+hue(masks/bo/bo_mecha_colour01_msk.png,12.558000)+hue(masks/bo/bo_mecha_colour01_msk.png,1.047000)+hue(masks/bo/bo_mecha_eyesvisor_msk.png,221.860001)+hue(masks/bo/bo_mecha_colour02_msk.png,8.372000)+hue(masks/bo/bo_mecha_ammo_msk.png,205.115997)","bo_mecha_tex.png+hue(masks/bo/bo_mecha_colour01_msk.png,12.558000)+hue(masks/bo/bo_mecha_colour01_msk.png,1.047000)+hue(masks/bo/bo_mecha_eyesvisor_msk.png,221.860001)+hue(masks/bo/bo_mecha_colour02_msk.png,8.372000)",
"CrowMechaGold","CrowMecha",,"icon_skin_crow_mechayellow",9,,,,,,,50000,,,"TID_CROW_MECHA_GOLD_SKIN","TID_CROW_MECHA_GOLD_SKIN_SHOP","MODEL,VFX,ANIM,SFX,VOICE",,,"crow_mechagold_tex.png","crow_mechagold_tex.png","crow_mechagold_tex.png","crow_mechagold_tex.png",
"CrowMechaNight","CrowMecha",,"icon_skin_crow_mechadark",9,,,,,,,10000,,,"TID_CROW_MECHA_NIGHT_SKIN","TID_CROW_MECHA_NIGHT_SKIN_SHOP","MODEL,VFX,ANIM,SFX,VOICE",,,"crow_mecha_tex.png+saturation(masks/crow/crow_mecha_colour01_msk.png,0.000000)+value(masks/crow/crow_mecha_colour01_msk.png,0.200000)+value(masks/crow/crow_mecha_colour02_msk.png,0.500000)+saturation(masks/crow/crow_mecha_colour02_msk.png,2.093000)+hue(masks/crow/crow_mecha_colour03_msk.png,209.302002)+value(masks/crow/crow_mecha_colour03_msk.png,1.400000)","crow_mecha_tex.png+saturation(masks/crow/crow_mecha_colour01_msk.png,0.000000)+value(masks/crow/crow_mecha_colour01_msk.png,0.200000)+value(masks/crow/crow_mecha_colour02_msk.png,0.500000)+saturation(masks/crow/crow_mecha_colour02_msk.png,2.093000)+hue(masks/crow/crow_mecha_colour03_msk.png,209.302002)+value(masks/crow/crow_mecha_colour03_msk.png,1.400000)","crow_mecha_tex.png+saturation(masks/crow/crow_mecha_colour01_msk.png,1.047000)+value(masks/crow/crow_mecha_colour01_msk.png,0.233000)+value(masks/crow/crow_mecha_colour02_msk.png,0.814000)+hue(masks/crow/crow_mecha_colour03_msk.png,209.302002)","crow_mecha_tex.png+saturation(masks/crow/crow_mecha_colour01_msk.png,1.047000)+value(masks/crow/crow_mecha_colour01_msk.png,0.233000)+value(masks/crow/crow_mecha_colour02_msk.png,0.814000)+hue(masks/crow/crow_mecha_colour03_msk.png,209.302002)",
"BullDudeFootbullBlue","BullGuyFootbull",,,,,,,,,,2500,,,"TID_BULL_LINEBACKER_SKIN","TID_BULL_LINEBACKER_SKIN_SHOP","MODEL",,,"bull_footbull_tex.pvr+hue(masks/bull/bull_footbull_colour01_msk.png,217.673996)+value(masks/bull/bull_footbull_colour01_msk.png,1.744000)+saturation(masks/bull/bull_footbull_colour01_msk.png,2.558000)+value(masks/bull/bull_footbull_helmet_msk.png,0.465000)+value(masks/bull/bull_footbull_metal_msk.png,0.233000)","bull_footbull_tex.pvr+hue(masks/bull/bull_footbull_colour01_msk.png,217.673996)+value(masks/bull/bull_footbull_colour01_msk.png,1.744000)+saturation(masks/bull/bull_footbull_colour01_msk.png,2.558000)+value(masks/bull/bull_footbull_helmet_msk.png,0.465000)+value(masks/bull/bull_footbull_metal_msk.png,0.233000)","bull_footbull_tex.pvr+hue(masks/bull/bull_footbull_colour01_msk.png,217.673996)","bull_footbull_tex.pvr+hue(masks/bull/bull_footbull_colour01_msk.png,217.673996)",
"GunslingerOutlaw","GunSlingerRockstar",,,,,,,,,,500,,,"TID_COLT_OUTLAW_SKIN","TID_COLT_OUTLAW_SKIN_SHOP","MODEL",,,"colt_outlaw_tex.pvr","colt_outlaw_tex.pvr","colt_outlaw_tex.pvr","colt_outlaw_tex.pvr",
"WhirlwindHogrider","WhirlwindHogrider",,,,,,,,,,,79,,"TID_CARL_HOG_RIDER_SKIN","TID_CARL_HOG_RIDER_SKIN_SHOP","MODEL",,,"carl_hogrider_tex.pvr","carl_hogrider_tex.pvr","carl_hogrider_tex.pvr","carl_hogrider_tex.pvr",
"BallBeach","BallBeach",,,,,,,,,,,,,,,,,,,,,,
"ArcadeDefault","ArcadeDefault",,,,,,,,"DamageBoosterDefault",,,,,,,,,,"8bit_tex.pvr","8bit_tex.pvr+hue(masks/8bit/8bit_msk.png,138.000000)+saturation(masks/8bit/8bit_msk.png,3.000000)+hue(masks/8bit/8bit_light_msk.png,146.000000)","8bit_tex.pvr","8bit_tex.pvr+hue(masks/8bit/8bit_msk.png,138.000000)+saturation(masks/8bit/8bit_msk.png,3.000000)+hue(masks/8bit/8bit_light_msk.png,146.000000)",
"DamageBoosterDefault","DamageBoosterDefault",,,,,,,,,,,,,,,,,,"8bit_tex.pvr","8bit_tex.pvr+hue(masks/8bit/8bit_msk.png,138.000000)+saturation(masks/8bit/8bit_msk.png,3.000000)+hue(masks/8bit/8bit_light_msk.png,146.000000)","8bit_tex.pvr","8bit_tex.pvr+hue(masks/8bit/8bit_msk.png,138.000000)+saturation(masks/8bit/8bit_msk.png,3.000000)+hue(masks/8bit/8bit_light_msk.png,146.000000)",
"SniperPink","SniperPink",,,,,,,,,,500,,,"TID_PIPER_PINK_SKIN","TID_PIPER_PINK_SKIN_SHOP","MODEL",,,"piper_pink_tex.pvr","piper_pink_tex.pvr","piper_pink_tex.pvr","piper_pink_tex.pvr",
"ArcadeClassic","ArcadeClassic",,,,,,,,"DamageBoosterDefault",,,29,,"TID_8BIT_CLASSIC_SKIN","TID_8BIT_CLASSIC_SKIN_SHOP","MODEL",,,"8bit_classic_tex.pvr","8bit_classic_tex.pvr+hue(masks/8bit/8bit_msk.png,138.000000)+saturation(masks/8bit/8bit_msk.png,3.000000)+hue(masks/8bit/8bit_light_msk.png,146.000000)","8bit_classic_tex.pvr","8bit_classic_tex.pvr+hue(masks/8bit/8bit_msk.png,138.000000)+saturation(masks/8bit/8bit_msk.png,3.000000)+hue(masks/8bit/8bit_light_msk.png,146.000000)",
"NinjaShark","NinjaShark",,,,,,,,,,,79,,"TID_LEON_SHARK_SKIN","TID_LEON_SHARK_SKIN_SHOP","MODEL",,,"shark_leon_tex.pvr","shark_leon_tex.pvr","shark_leon_tex.pvr","shark_leon_tex.pvr",
"BlackHoleBlue","BlackHoleBlue",,,,,,,,,,500,,,"TID_TARA_BLUE_SKIN","TID_TARA_BLUE_SKIN_SHOP","MODEL",,,"tara_blue_tex.pvr","tara_blue_tex.pvr","tara_blue_tex.pvr","tara_blue_tex.pvr",
"LootBoxMoonFestival","LootBoxMoonFestival",,,,,,,,,,,,,,,,,,,,,,
"SandstormDefault","SandstormDefault",,,,,,,,,,,,,,,,,,"sandy_tex.pvr","sandy_tex.pvr","sandy_tex.pvr","sandy_tex.pvr",
"BeeSniperDefault","BeeSniperDefault",,,,,,,,"BeeSniperSlowPotDefault",,,,,,,,,,"bea_tex.pvr","bea_tex.pvr","bea_tex.pvr","bea_tex.pvr",
"BossRaceBossDefault","BossRaceBossDefault",,,,,,,,,,,,,,,,,,"bossbot_tex.pvr","bossbot_tex.pvr","bossbot_tex.pvr","bossbot_tex.pvr",
"BarkeepWizardRed","BarkeepWizardRed",,,,,4,,,,,2500,,,"TID_BARLEY_RED_WIZARD_SKIN","TID_BARLEY_RED_WIZARD_SKIN_SHOP","MODEL",,,"barley_wizard_tex.pvr+hue(masks/barley/coat_msk.png,133.953003)+value(masks/barley/coat_msk.png,0.698000)","barley_wizard_tex.pvr+hue(masks/barley/coat_msk.png,133.953003)+value(masks/barley/coat_msk.png,0.698000)","barley_wizard_tex.pvr+hue(masks/barley/coat_msk.png,133.953003)+value(masks/barley/coat_msk.png,0.698000)","barley_wizard_tex.pvr+hue(masks/barley/coat_msk.png,133.953003)+value(masks/barley/coat_msk.png,0.698000)",
"HookPirate","HookPirate",,,,,,,,,,,79,,"TID_GENE_PIRATE_SKIN","TID_GENE_PIRATE_SKIN_SHOP","MODEL",,,"gene_pirate_tex.pvr","gene_pirate_tex.pvr","gene_pirate_tex.pvr","gene_pirate_tex.pvr",
"Sandstormsleepy","Sandstormsleepy",,,,,,,,,,,29,,"TID_SANDY_SLEEPY_SKIN","TID_SANDY_SLEEPY_SKIN_SHOP","MODEL",,,"sleepy_sandy_tex.pvr","sleepy_sandy_tex.pvr","sleepy_sandy_tex.pvr","sleepy_sandy_tex.pvr",
"MummyDefault","MummyDefault",,,,,,,,,,,,,,,,,,"emz_tex.pvr","emz_tex.pvr","emz_tex.pvr","emz_tex.pvr",
"Sniperrose","Sniperrose","BRAWLOWEEN",,,4,4,,,,,,79,,"TID_PIPER_CALAVERA_SKIN","TID_PIPER_CALAVERA_SKIN_SHOP","MODEL",,,"piper_rose_tex.pvr","piper_rose_tex.pvr","piper_rose_tex.pvr","piper_rose_tex.pvr",
"SpawnerDudeDefault","SpawnerDudeDefault",,,,,,,,"SpawnerDudeTurretDefault","SpawnerPetDefault",,,,,,,,,"mrp_tex.pvr","mrp_tex.pvr","mrp_tex.pvr","mrp_tex.pvr",
"ShotgunGirlWitch","ShotgunGirlWitch","BRAWLOWEEN",,,4,4,,,,,,149,,"TID_SHELLY_WITCH_SKIN","TID_SHELLY_WITCH_SKIN_SHOP","MODEL,VFX,ANIM,SFX",,,"shelly_witch_tex.pvr","shelly_witch_tex.pvr","shelly_witch_tex.pvr","shelly_witch_tex.pvr",
"MechanicKnightDark","MechanicKnightDark",,,,,,,,"TurretDragonDark",,10000,,,"TID_JESSIE_DARK_KNIGHT_SKIN","TID_JESSIE_DARK_KNIGHT_SKIN_SHOP","MODEL,TURRET,VFX,ANIM",,,"jessie_knight_tex.pvr+hue(masks/jessie/jessie_knight_plume_msk.png,117.209000)+value(masks/jessie/jessie_knight_plume_msk.png,0.600000)+saturation(masks/jessie/jessie_knight_gold_msk.png,0.200000)+value(masks/jessie/jessie_knight_gold_msk.png,0.581000)+value(masks/jessie/jessie_knight_metal_msk.png,0.000000)+hue(masks/jessie/jessie_knight_fabric_msk.png,125.581001)+value(masks/jessie/jessie_knight_fabric_msk.png,0.600000)","jessie_knight_tex.pvr+hue(masks/jessie/jessie_knight_plume_msk.png,117.209000)+value(masks/jessie/jessie_knight_plume_msk.png,0.600000)+saturation(masks/jessie/jessie_knight_gold_msk.png,0.200000)+value(masks/jessie/jessie_knight_gold_msk.png,0.581000)+value(masks/jessie/jessie_knight_metal_msk.png,0.000000)+hue(masks/jessie/jessie_knight_fabric_msk.png,125.581001)+value(masks/jessie/jessie_knight_fabric_msk.png,0.600000)","jessie_knight_tex.pvr+hue(masks/jessie/jessie_knight_plume_msk.png,140.000000)+hue(masks/jessie/jessie_knight_plume_msk.png,0.400000)+saturation(masks/jessie/jessie_knight_gold_msk.png,0.200000)+value(masks/jessie/jessie_knight_gold_msk.png,0.200000)+value(masks/jessie/jessie_knight_metal_msk.png,0.698000)+value(masks/jessie/jessie_knight_fabric_msk.png,0.930000)+hue(masks/jessie/jessie_knight_fabric_msk.png,117.209000)","jessie_knight_tex.pvr+hue(masks/jessie/jessie_knight_plume_msk.png,140.000000)+hue(masks/jessie/jessie_knight_plume_msk.png,0.400000)+saturation(masks/jessie/jessie_knight_gold_msk.png,0.200000)+value(masks/jessie/jessie_knight_gold_msk.png,0.200000)+value(masks/jessie/jessie_knight_metal_msk.png,0.698000)+value(masks/jessie/jessie_knight_fabric_msk.png,0.930000)+hue(masks/jessie/jessie_knight_fabric_msk.png,117.209000)",
"TurretDragonDark","TurretDragonDark",,,,,,,,,,,,,,,,,,"turret_dragon_tex.pvr+hue(masks/jessie/jessie_turrret_dragon_main_msk.png,322.325989)+saturation(masks/jessie/jessie_turrret_dragon_main_msk.png,0.349000)+value(masks/jessie/jessie_turrret_dragon_main_msk.png,0.200000)+hue(masks/jessie/jessie_turrret_dragon_belly_msk.png,330.697998)+saturation(masks/jessie/jessie_turrret_dragon_belly_msk.png,1.395000)+value(masks/jessie/jessie_turrret_dragon_belly_msk.png,0.930000)","turret_dragon_tex.pvr+hue(masks/jessie/jessie_turrret_dragon_main_msk.png,322.325989)+saturation(masks/jessie/jessie_turrret_dragon_main_msk.png,0.349000)+value(masks/jessie/jessie_turrret_dragon_main_msk.png,0.200000)+hue(masks/jessie/jessie_turrret_dragon_belly_msk.png,330.697998)+saturation(masks/jessie/jessie_turrret_dragon_belly_msk.png,1.395000)+value(masks/jessie/jessie_turrret_dragon_belly_msk.png,0.930000)","turret_dragon_tex.pvr+hue(masks/jessie/jessie_turrret_dragon_main_msk.png,351.627991)+saturation(masks/jessie/jessie_turrret_dragon_main_msk.png,1.047000)+value(masks/jessie/jessie_turrret_dragon_main_msk.png,0.814000)","turret_dragon_tex.pvr+hue(masks/jessie/jessie_turrret_dragon_main_msk.png,351.627991)+saturation(masks/jessie/jessie_turrret_dragon_main_msk.png,1.047000)+value(masks/jessie/jessie_turrret_dragon_main_msk.png,0.814000)",
"HammerDudeDJ","HammerDudeDJ",,,,,,,,,,,79,,"TID_FRANK_DJ_SKIN","TID_FRANK_DJ_SKIN_SHOP","MODEL",,,"frank_dj_tex.pvr","frank_dj_tex.pvr","frank_dj_tex.pvr+value(masks/frank/frank_dj_coat_msk.png,0.200000)","frank_dj_tex.pvr+value(masks/frank/frank_dj_coat_msk.png,0.200000)",
"NinjaWolf","NinjaWolf","BRAWLOWEEN",,,4,4,,,,,,149,,"TID_LEON_WEREWOLF_SKIN","TID_LEON_WEREWOLF_SKIN_SHOP","MODEL,VFX,ANIM,SFX",,,"leon_wolf_tex.pvr","leon_wolf_tex.pvr","leon_wolf_tex.pvr","leon_wolf_tex.pvr",
"SpeedyDefault","SpeedyDefault",,,,,,,,,,,,,,,,,,"max_tex.pvr","max_tex.pvr","max_tex.pvr","max_tex.pvr",
"LuchadorBrown","LuchadorBrown","LINE",,,,3,,,,,,149,,"TID_EL_PRIMO_BROWN_SKIN","TID_EL_PRIMO_BROWN_SKIN_SHOP","MODEL,VFX,ANIM",,,"primo_brown_tex.pvr","primo_brown_tex.pvr","primo_brown_tex.pvr","primo_brown_tex.pvr",
"HomerDefault","HomerDefault",,,,,,,,,,,,,,,,,,"spike_tex.pvr","spike_tex.pvr","spike_tex.pvr","spike_tex.pvr",
"TrickshotDudeTotal","TrickshotDudeTotal","ANNIVERSARY2019",,,4,4,,,,,,79,,"TID_RICO_BETA_SKIN","TID_RICO_BETA_SKIN_SHOP","MODEL",,,"rico_og_tex.pvr","rico_og_tex.pvr","rico_og_tex.pvr","rico_og_tex.pvr",
"NinjaSally","NinjaSally","LINE",,,,3,,,,,,79,,"TID_LEON_SALLY_SKIN","TID_LEON_SALLY_SKIN_SHOP","MODEL,VFX",,,"leon_sally_tex.pvr","leon_sally_tex.pvr","leon_sally_tex.pvr","leon_sally_tex.pvr",
"WhirlwindLeonard","WhirlwindLeonard","LINE",,,,3,,,,,,79,,"TID_CARL_LEONARD_SKIN","TID_CARL_LEONARD_SKIN_SHOP","MODEL,VFX",,,"carl_leonard_tex.pvr","carl_leonard_tex.pvr","carl_leonard_tex.pvr","carl_leonard_tex.pvr",
"TntDudeSantaRope","TntDudeSantaRope",,,,,,,,,,,,,,,,,,"dynamike_santa_tex.pvr+hue(masks/dynamike/dynamike_santa_msk.png,221.860001)","dynamike_santa_tex.pvr","dynamike_santa_tex.pvr+hue(masks/dynamike/dynamike_santa_msk.png,213.488007)","dynamike_santa_tex.pvr",
"WhirlwindPirate","WhirlwindPirate","BRAWLIDAYS",,,4,4,,,,,,149,,"TID_CARL_CAPTAIN_SKIN","TID_CARL_CAPTAIN_SKIN_SHOP","MODEL,VFX,ANIM",,,"carl_pirate_tex.pvr+value(masks/carl/carl_flag_msk.png,0.000000)","carl_pirate_tex.pvr+value(masks/carl/carl_flag_msk.png,0.000000)","carl_pirate_tex.pvr+value(masks/carl/carl_flag_msk.png,0.000000)","carl_pirate_tex.pvr+value(masks/carl/carl_flag_msk.png,0.000000)",
"GunslingerPirate","GunslingerPirate","BRAWLIDAYS",,,4,4,,,,,,149,,"TID_COLT_CORSAIR_SKIN","TID_COLT_CORSAIR_SKIN_SHOP","MODEL,VFX,ANIM",,,"colt_pirate_tex.pvr","colt_pirate_tex.pvr","colt_pirate_tex.pvr","colt_pirate_tex.pvr",
"CtfGift","CtfGift",,,,,,,,,,,,,,,,,,"item_present_blue.pvr","item_present_red.pvr",,,
"SpeedyGT","SpeedyGT",,,,,,,,,,,29,,"TID_MAX_BLUE_SKIN","TID_MAX_BLUE_SKIN_SHOP","MODEL",,,"max_gt_tex.pvr","max_gt_tex.pvr","max_gt_tex.pvr","max_gt_tex.pvr",
"BeeSniperDefaultAddonBee","BeeSniperDefaultAddonBee",,,,,,,,,,,,,,,,,,"bea_tex.pvr","bea_tex.pvr","bea_tex.pvr","bea_tex.pvr",
"BeeSniperLadyBug","BeeSniperLadyBug",,,,,,,,"BeeSniperSlowPotDefault",,,29,,"TID_BEA_LADYBUG_SKIN","TID_BEA_LADYBUG_SKIN_SHOP","MODEL",,,"bea_ladybug_tex.pvr","bea_ladybug_tex.pvr","bea_ladybug_tex.pvr","bea_ladybug_tex.pvr",
"PocoPirate","PocoPirate","BRAWLIDAYS",,,4,4,,,,,,79,,"TID_POCO_PIRATE_SKIN","TID_POCO_PIRATE_SKIN_SHOP","MODEL,VFX",,,"poco_pirate_tex.pvr","poco_pirate_tex.pvr","poco_pirate_tex.pvr","poco_pirate_tex.pvr",
"BeeSniperLadyBugAddonBee","BeeSniperLadyBugAddonBee",,,,,,,,,,,,,,,,,,"bea_ladybug_tex.pvr","bea_ladybug_tex.pvr","bea_ladybug_tex.pvr","bea_ladybug_tex.pvr",
"DrillerDefault","DrillerDefault",,,,,,,,,,,,,,,,,,"jacky_tex.pvr","jacky_tex.pvr","jacky_tex.pvr","jacky_tex.pvr",
"ArcadeVirus","ArcadeVirus","LNY_2020",,,4,4,,,"DamageBoosterVirus",,,299,,"TID_8BIT_VIRUS_SKIN","TID_8BIT_VIRUS_SKIN_SHOP","MODEL,TEXTURE,VFX,ANIM,VOICE",,,"8bit_virus_tex.pvr","8bit_virus_tex.pvr","8bit_virus_tex.pvr","8bit_virus_tex.pvr",
"DamageBoosterVirus","DamageBoosterVirus",,,,,,,,,,,,,,,,,,"8bit_virus_tex.pvr","8bit_virus_tex.pvr+hue(masks/8bit/8bit_msk.png,138.000000)+saturation(masks/8bit/8bit_msk.png,3.000000)+hue(masks/8bit/8bit_light_msk.png,146.000000)","8bit_virus_tex.pvr","8bit_virus_tex.pvr+hue(masks/8bit/8bit_msk.png,138.000000)+saturation(masks/8bit/8bit_msk.png,3.000000)+hue(masks/8bit/8bit_light_msk.png,146.000000)",
"BlackHoleStreetNinja","BlackHoleStreetNinja","LNY_2020",,,4,4,,,,,,79,,"TID_TARA_STREET_NINJA_SKIN","TID_TARA_STREET_NINJA_SKIN_SHOP","MODEL,TEXTURE,VFX,ANIM",,,"tara_streetninja_tex.pvr","tara_streetninja_tex.pvr","tara_streetninja_tex.pvr","tara_streetninja_tex.pvr",
"BaseballGamer","BaseballGamer","LNY_2020",,,4,4,,,,,,149,,"TID_BIBI_GAMER_SKIN","TID_BIBI_GAMER_SKIN_SHOP","MODEL,TEXTURE,VFX,ANIM",,,"bibi_gamer_tex.pvr","bibi_gamer_tex.pvr","bibi_gamer_tex.pvr","bibi_gamer_tex.pvr",
"SniperValentines","SniperValentines",,,,,,,,,,,149,,"TID_PIPER_CUPID_SKIN","TID_PIPER_CUPID_SKIN_SHOP","MODEL,TEXTURE,VFX",,,"piper_valentines_tex.pvr","piper_valentines_tex.pvr","piper_valentines_tex.pvr","piper_valentines_tex.pvr",
"ShamanKoala","ShamanKoala",,,,,,,,"ShamanBearKoala",,,79,,"TID_NITA_KOALA_SKIN","TID_NITA_KOALA_SKIN_SHOP","MODEL",,,"nita_koala_tex.pvr","nita_koala_tex.pvr","nita_koala_tex.pvr","nita_koala_tex.pvr",
"ShamanBearKoala","ShamanBearKoala",,,,,,,,,,,,,,,,,,"nita_koala_bear_tex.pvr","nita_koala_bear_tex.pvr","nita_koala_bear_tex.pvr","nita_koala_bear_tex.pvr",
"SpawnerPetDefault","SpawnerPetDefault",,,,,,,,,,,,,,,,,,"mrp_spawner_tex.pvr","mrp_spawner_tex.pvr","mrp_spawner_tex.pvr","mrp_spawner_tex.pvr",
"SpawnerDudeTurretDefault","SpawnerDudeTurretDefault",,,,,,,,,,,,,,,,,,"mrp_spawner_tex.pvr","mrp_spawner_tex.pvr","mrp_spawner_tex.pvr","mrp_spawner_tex.pvr",
"SpawnerDudeAgentP","SpawnerDudeAgentP",,,,,,,,"SpawnerDudeTurretAgentP","SpawnerPetAgentP",,29,,"TID_MRP_AGENT_SKIN","TID_MRP_AGENT_SKIN_SHOP","MODEL,TURRET",,,"mrp_agentp_tex.pvr","mrp_agentp_tex.pvr","mrp_agentp_tex.pvr","mrp_agentp_tex.pvr",
"SpawnerPetAgentP","SpawnerPetAgentP",,,,,,,,,,,,,,,,,,"mrp_agentp_spawner_tex.pvr","mrp_agentp_spawner_tex.pvr","mrp_agentp_spawner_tex.pvr","mrp_agentp_spawner_tex.pvr",
"SpawnerDudeTurretAgentP","SpawnerDudeTurretAgentP",,,,,,,,,,,,,,,,,,"mrp_agentp_spawner_tex.pvr","mrp_agentp_spawner_tex.pvr","mrp_agentp_spawner_tex.pvr","mrp_agentp_spawner_tex.pvr",
"BlowerDefault","BlowerDefault",,,,,,,,,,,,,,,,,,"gale_tex.pvr","gale_tex.pvr","gale_tex.pvr","gale_tex.pvr",
"ControllerDefault","ControllerDefault",,,,,,,,,,,,,,,,,,"nani_tex.pvr","nani_tex.pvr","nani_tex.pvr","nani_tex.pvr",
"WallyDefault","WallyDefault",,,,,,,,,,,,,,,,,,"sprout_tex.pvr","sprout_tex.pvr","sprout_tex.pvr+value(masks/sprout/sprout_glass_msk.png,1.000000)+hue(masks/sprout/sprout_glass_msk.png,347.441986)","sprout_tex.pvr+value(masks/sprout/sprout_glass_msk.png,1.000000)+hue(masks/sprout/sprout_glass_msk.png,347.441986)",
"BarrelBotFootball","BarrelBotFootball",,,,,,,,,,,79,,"TID_MASCOT_DARRYL_SKIN","TID_MASCOT_DARRYL_SKIN_SHOP","MODEL,TEXTURE,ANIM,VFX",,,"darryl_fb_tex.pvr","darryl_fb_tex.pvr","darryl_fb_tex.pvr","darryl_fb_tex.pvr",
"ShotgunGirlFootball","ShotgunGirlFootball","PSG",,,,,,,,,,79,,"TID_PSG_SHELLY_SKIN","TID_PSG_SHELLY_SKIN_SHOP","MODEL,TEXTURE",,,"shelly_fb_tex.pvr","shelly_fb_tex.pvr","shelly_fb_tex.pvr","shelly_fb_tex.pvr",
"TntDudeFootball","TntDudeFootball",,,,,,,,,,,149,,"TID_COACH_MIKE_SKIN","TID_COACH_MIKE_SKIN_SHOP","MODEL,TEXTURE,ANIM,VFX",,,"dynamike_coach_tex.pvr","dynamike_coach_tex.pvr","dynamike_coach_tex.pvr","dynamike_coach_tex.pvr",
"BallArena","BallArena",,,,,,,,,,,,,,,,,,,,,,
"MechanicTanuki","MechanicTanuki",,,,,,,,"MechanicTurretTanuki",,,149,,"TID_TANUKI_JESSIE_SKIN","TID_TANUKI_JESSIE_SKIN_SHOP","MODEL,TEXTURE,ANIM,VFX",,,"jessie_tanuki_tex.pvr","jessie_tanuki_tex.pvr","jessie_tanuki_tex.pvr","jessie_tanuki_tex.pvr",
"BowDudeHorus","BowDudeHorus","SC_MAKE",,,,,,,"BowDudeTotemDefault",,,149,,"TID_HORUS_BO_SKIN","TID_HORUS_BO_SKIN_SHOP","MODEL,TEXTURE,ANIM,VFX","gedi-kor",,"bo_falcon_tex.pvr","bo_falcon_tex.pvr","bo_falcon_tex.pvr","bo_falcon_tex.pvr",
"BallArenaPSG","BallArenaPSG",,,,,,,,,,,,,,,,,,,,,,
"ArtilleryDudeDarkBunny","ArtilleryDudeDarkBunny",,,,,,,,"ArtilleryTurretDarkBunny",,10000,,,"TID_BLACK_BUNNY_PENNY_SKIN","TID_BLACK_BUNNY_PENNY_SKIN_SHOP","MODEL,TEXTURE",,,"penny_bunnydark_tex.pvr","penny_bunnydark_tex.pvr","penny_bunnydark_tex.pvr","penny_bunnydark_tex.pvr",
"ArtilleryTurretDarkBunny","ArtilleryTurretBunny",,,,,,,,,,,,,,,,,,"penny_bunnydark_tex.pvr","penny_bunnydark_tex.pvr","penny_bunnydark_tex.pvr","penny_bunnydark_tex.pvr",
"MummyCollege","MummyCollege",,,,,,,,,,500,,,"TID_COLLEGE_EMZ_SKIN","TID_COLLEGE_EMZ_SKIN_SHOP","MODEL,TEXTURE",,,"emz_college_tex.pvr","emz_college_tex.pvr","emz_college_tex.pvr","emz_college_tex.pvr",
"BeeSniperSlowPotDefault","BeeSniperSlowPotDefault",,,,,,,,,,,,,,,,,,"bea_gadget_honeypot_tex.pvr","bea_gadget_honeypot_tex.pvr","bea_gadget_honeypot_tex.pvr","bea_gadget_honeypot_tex.pvr",
"MechanicTurretTanuki","MechanicTurretTanuki",,,,,,,,,,,,,,,,,,"turret_jessie_tanuki_tex.pvr","turret_jessie_tanuki_tex.pvr","turret_jessie_tanuki_tex.pvr","turret_jessie_tanuki_tex.pvr",
"BowDudeTotemDefault","BowDudeTotemDefault",,,,,,,,,,,,,,,,,,"bo_gadget_totem_tex.pvr","bo_gadget_totem_tex.pvr","bo_gadget_totem_tex.pvr","bo_gadget_totem_tex.pvr",
"TrickshotDudeBazaar","TrickshotDudeBazaar",,,,,,,,,,,149,,"TID_GUARD_RICO_SKIN","TID_GUARD_RICO_SKIN_SHOP","MODEL,TEXTURE,ANIM,VFX,VOICE",,,"rico_dark.pvr","rico_dark.pvr","rico_dark.pvr","rico_dark.pvr",
"HookDudeBazaar","HookDudeBazaar",,,,,,,,,,,149,,"TID_EVIL_GENE_SKIN","TID_EVIL_GENE_SKIN_SHOP","MODEL,TEXTURE,ANIM,VFX,SFX,VOICE",,,"gene_dark_tex.pvr","gene_dark_tex.pvr","gene_dark_tex.pvr","gene_dark_tex.pvr",
"UndertakerBazaar","UndertakerBazaar",,,,,,,,,,,149,,"TID_ROGUE_MORTIS_SKIN","TID_ROGUE_MORTIS_SKIN_SHOP","MODEL,TEXTURE,ANIM,VFX,VOICE",,,"mortis_dark_tex.pvr","mortis_dark_tex.pvr","mortis_dark_tex.pvr","mortis_dark_tex.pvr",
"MechanicRedDragon","MechanicRedDragon","CHINA",,,3,3,,,"TurretRedDragon",,,79,,"TID_RED_DRAGON_JESSIE_SKIN","TID_RED_DRAGON_JESSIE_SKIN_SHOP","MODEL,TEXTURE,PET",,,"jessie_red-dragon_tex.pvr","jessie_red-dragon_tex.pvr","jessie_red-dragon_tex.pvr","jessie_red-dragon_tex.pvr",
"TurretRedDragon","TurretRedDragon",,,,,,,,,,,,,,,,,,"jessie_red-dragon_turret_tex.pvr","jessie_red-dragon_turret_tex.pvr","jessie_red-dragon_turret_tex.pvr","jessie_red-dragon_turret_tex.pvr",
"DrillerConstructor","DrillerConstructor",,,,,,,,,,,29,,"TID_CONSTRUCTOR_JACKY_SKIN","TID_CONSTRUCTOR_JACKY_SKIN_SHOP","MODEL,TEXTURE",,,"jacky_constructor_tex.pvr","jacky_constructor_tex.pvr","jacky_constructor_tex.pvr","jacky_constructor_tex.pvr",
"WallyHawaii","WallyHawaii",,,,,,,,,,,29,,"TID_TROPICAL_SPROUT_SKIN","TID_TROPICAL_SPROUT_SKIN_SHOP","MODEL,TEXTURE",,,"sprout_hawaii_tex.pvr","sprout_hawaii_tex.pvr","sprout_hawaii_tex.pvr+value(masks/sprout/sprout_glass_msk.png,1.000000)+hue(masks/sprout/sprout_glass_msk.png,347.441986)","sprout_hawaii_tex.pvr+value(masks/sprout/sprout_glass_msk.png,1.000000)+hue(masks/sprout/sprout_glass_msk.png,347.441986)",
"BullDudeBarbking","BullDudeBarbking","SC10",,,3,3,,,,,,79,,"TID_BARBARIAN_KING_BULL_SKIN","TID_BARBARIAN_KING_BULL_SKIN_SHOP","MODEL,TEXTURE,ANIM,VFX",,,"bull_barbking_tex.pvr","bull_barbking_tex.pvr","bull_barbking_tex.pvr","bull_barbking_tex.pvr",
"MinigunDudeSummer","MinigunDudeSummer",,,,,,,,"HealingStationSummer",,,79,,"TID_HOLIDAY_PAM_SKIN","TID_HOLIDAY_PAM_SKIN_SHOP","MODEL,TEXTURE,VFX,TURRET",,,,,,,
"BlowerTrader","BlowerTrader","BRAWLPASS",,,7,7,,,,,,149,,"TID_MERCHANT_GALE_SKIN","TID_MERCHANT_GALE_SKIN_SHOP","MODEL,TEXTURE,ANIM,VFX",,,"gale_trader_tex.pvr","gale_trader_tex.pvr","gale_trader_tex.pvr","gale_trader_tex.pvr",
"ControllerDefaultAddon","ControllerDefaultAddon",,,,,,,,,,,,,,,,,,"nani_tex.pvr","nani_tex.pvr","nani_tex.pvr","nani_tex.pvr",
"HealingStationSummer","HealingStationSummer",,,,,,,,,,,,,,,,,,"pam_summer_gun_tex.pvr+hue(masks/pam/pam_summer_gun_msk.png,238.604996)","pam_summer_gun_tex.pvr","pam_summer_gun_tex.pvr+hue(masks/pam/pam_summer_gun_msk.png,238.604996)","pam_summer_gun_tex.pvr",
"LuchadorGold","LuchadorGold","GOLD",,,,,,,,,,,25000,"TID_TRUE_GOLD_EL_PRIMO_SKIN","TID_TRUE_GOLD_EL_PRIMO_SKIN_SHOP","MODEL,TEXTURE",,"gold_materials.scw","primo_gold_tex.pvr","primo_gold_tex.pvr","primo_gold_tex.pvr","primo_gold_tex.pvr",
"PowerLevelerDefault","PowerLevelerDefault",,,,,,,,,,,,,,,,,,"surge_tex.pvr","surge_tex.pvr","surge_tex.pvr","surge_tex.pvr",
"MummyGold","MummyGold","GOLD",,,,,,,,,,,25000,"TID_TRUE_GOLD_EMZ_SKIN","TID_TRUE_GOLD_EMZ_SKIN_SHOP","MODEL,TEXTURE",,"gold_materials.scw","emz_gold_tex.pvr","emz_gold_tex.pvr","emz_gold_tex.pvr","emz_gold_tex.pvr",
"MummySilver","MummySilver","SILVER",,,,,,,,,,,10000,"TID_TRUE_SILVER_EMZ_SKIN","TID_TRUE_SILVER_EMZ_SKIN_SHOP","MODEL,TEXTURE",,"silver_materials.scw","emz_silver_tex.pvr","emz_silver_tex.pvr","emz_silver_tex.pvr","emz_silver_tex.pvr",
"LuchadorSilver","LuchadorSilver","SILVER",,,,,,,,,,,10000,"TID_TRUE_SILVER_EL_PRIMO_SKIN","TID_TRUE_SILVER_EL_PRIMO_SKIN_SHOP","MODEL,TEXTURE",,"silver_materials.scw","primo_silver_tex.pvr","primo_silver_tex.pvr","primo_silver_tex.pvr","primo_silver_tex.pvr",
"BeeSniperMonster","BeeSniperMonster",,,,,,,,"BeeSniperSlowPotDefault",,,149,,"TID_MEGA_BEETLE_BEA_SKIN","TID_MEGA_BEETLE_BEA_SKIN_SHOP","MODEL,TEXTURE,ANIM,VFX,VOICE",,,"bea_bug_tex.pvr","bea_bug_tex.pvr","bea_bug_tex.pvr","bea_bug_tex.pvr",
"DrillerMonster","DrillerMonster",,,,,,,,,,,149,,"TID_ULTRA_DRILLER_JACKY_SKIN","TID_ULTRA_DRILLER_JACKY_SKIN_SHOP","MODEL,TEXTURE,ANIM,VFX,VOICE",,,"jacky_driller_tex.pvr","jacky_driller_tex.pvr","jacky_driller_tex.pvr","jacky_driller_tex.pvr",
"ClusterBombMonster","ClusterBombMonster",,,,,,,,"ClusterBombPetMonster",,,79,,"TID_KING_CRAB_TICK_SKIN","TID_KING_CRAB_TICK_SKIN_SHOP","MODEL,TEXTURE,ANIM,VFX",,,"tick_crab_tex.pvr","tick_crab_tex.pvr","tick_crab_tex.pvr","tick_crab_tex.pvr",
"BossKaijuDefault","BossKaijuDefault",,,,,,,,,,,,,,,,,,"kaiju_boss_tex.pvr","kaiju_boss_tex.pvr","kaiju_boss_tex.pvr","kaiju_boss_tex.pvr",
"BeeSniperMonsterAddonBee","BeeSniperMonsterAddonBee",,,,,,,,,,,,,,,,,,"bea_bug_tex.pvr","bea_bug_tex.pvr","bea_bug_tex.pvr","bea_bug_tex.pvr",
"SafeBank","SafeBank",,,,,,,,,,,,,,,,,,,,,,
"ControllerRetro","ControllerRetro",,,,,,,,,,,29,,"TID_RETRO_NANI_SKIN","TID_RETRO_NANI_SKIN_SHOP","MODEL,TEXTURE",,,"nani_retro_tex.pvr","nani_retro_tex.pvr","nani_retro_tex.pvr","nani_retro_tex.pvr",
"ShotgunGirlGold","ShotgunGirlGold","GOLD",,,,,,,,,,,25000,"TID_TRUE_GOLD_SHELLY_SKIN","TID_TRUE_GOLD_SHELLY_SKIN_SHOP","MODEL,TEXTURE",,"gold_materials.scw","shelly_gold_tex.pvr","shelly_gold_tex.pvr","shelly_gold_tex.pvr","shelly_gold_tex.pvr",
"ShotgunGirlSilver","ShotgunGirlSilver","SILVER",,,,,,,,,,,10000,"TID_TRUE_SILVER_SHELLY_SKIN","TID_TRUE_SILVER_SHELLY_SKIN_SHOP","MODEL,TEXTURE",,"silver_materials.scw","shelly_silver_tex.pvr","shelly_silver_tex.pvr","shelly_silver_tex.pvr","shelly_silver_tex.pvr",
"SniperGold","SniperGold","GOLD",,,,,,,,,,,25000,"TID_TRUE_GOLD_PIPER_SKIN","TID_TRUE_GOLD_PIPER_SKIN_SHOP","MODEL,TEXTURE",,"gold_materials.scw","piper_gold_tex.pvr","piper_gold_tex.pvr","piper_gold_tex.pvr","piper_gold_tex.pvr",
"SniperSilver","SniperSilver","SILVER",,,,,,,,,,,10000,"TID_TRUE_SILVER_PIPER_SKIN","TID_TRUE_SILVER_PIPER_SKIN_SHOP","MODEL,TEXTURE",,"silver_materials.scw","piper_silver_tex.pvr","piper_silver_tex.pvr","piper_silver_tex.pvr","piper_silver_tex.pvr",
"NinjaGold","NinjaGold","GOLD",,,,,,,,,,,25000,"TID_TRUE_GOLD_LEON_SKIN","TID_TRUE_GOLD_LEON_SKIN_SHOP","MODEL,TEXTURE",,"gold_materials.scw","leon_gold_tex.pvr","leon_gold_tex.pvr","leon_gold_tex.pvr","leon_gold_tex.pvr",
"NinjaSilver","NinjaSilver","SILVER",,,,,,,,,,,10000,"TID_TRUE_SILVER_LEON_SKIN","TID_TRUE_SILVER_LEON_SKIN_SHOP","MODEL,TEXTURE",,"silver_materials.scw","leon_silver_tex.pvr","leon_silver_tex.pvr","leon_silver_tex.pvr","leon_silver_tex.pvr",
"RocketGirlRanger","RocketGirlRanger","BRAWLPASS",,,7,7,,,,,,79,,"TID_SUPER_RANGER_BROCK_SKIN","TID_SUPER_RANGER_BROCK_SKIN_SHOP","MODEL,TEXTURE",,,"brock_ranger_tex.pvr","brock_ranger_tex.pvr","brock_ranger_tex.pvr","brock_ranger_tex.pvr",
"SpeedyTracksuit","SpeedyTracksuit",,,,,,,,,,,79,,"TID_STREETWEAR_MAX_SKIN","TID_STREETWEAR_MAX_SKIN_SHOP","MODEL,TEXTURE",,,"max_tracksuit_tex.pvr","max_tracksuit_tex.pvr","max_tracksuit_tex.pvr","max_tracksuit_tex.pvr",
"PowerLevelerKnight","PowerLevelerKnight","BRAWLPASS",,,7,7,,,,,,149,,"TID_MECHA_PALADIN_SURGE_SKIN","TID_MECHA_PALADIN_SURGE_SKIN_SHOP","MODEL,TEXTURE",,,"surge_knight_tex.pvr","surge_knight_tex.pvr","surge_knight_tex.pvr","surge_knight_tex.pvr",
"ClusterBombPetMonster","ClusterBombPetMonster",,,,,,,,,,,,,,,,,,"tick_crab_tex.pvr","tick_crab_tex.pvr","tick_crab_tex.pvr","tick_crab_tex.pvr",
"ControllerRetroAddon","ControllerRetroAddon",,,,,,,,,,,,,,,,,,"nani_retro_tex.pvr","nani_retro_tex.pvr","nani_retro_tex.pvr","nani_retro_tex.pvr",
"PercenterDefault","PercenterDefault",,,,,,,,"MechanicTurretTanuki",,,,,,,,,,"colette_tex.pvr","colette_tex.pvr","colette_tex.pvr","colette_tex.pvr",
"FireDudeDefault","FireDudeDefault",,,,,,,,,,,,,,,,,,"amber_tex.pvr","amber_tex.pvr","amber_tex.pvr","amber_tex.pvr",
"CactusMask","CactusMask",,,,,,,,,,,29,,"TID_MASK_SPIKE_SKIN","TID_MASK_SPIKE_SKIN_SHOP","MODEL,TEXTURE",,,,,,,
"MummyGiftShop","MummyGiftShop",,,,,,,,,,,149,,"TID_SUPER_FAN_EMZ_SKIN","TID_SUPER_FAN_EMZ_SKIN_SHOP","MODEL,TEXTURE,ANIM,VFX",,,"emz_giftshop_tex.pvr","emz_giftshop_tex.pvr","emz_giftshop_tex.pvr","emz_giftshop_tex.pvr",
"SandstormGiftShop","SandstormGiftShop",,,,,,,,,,,79,,"TID_SUGAR_RUSH_SANDY_SKIN","TID_SUGAR_RUSH_SANDY_SKIN_SHOP","MODEL,TEXTURE,ANIM,VFX",,,"sandy_sugar_addict_tex.pvr","sandy_sugar_addict_tex.pvr","sandy_sugar_addict_tex.pvr","sandy_sugar_addict_tex.pvr",
"WallyMoon","WallyMoon",,,,,,,,,,,149,,"TID_LUNAR_SPROUT_SKIN","TID_LUNAR_SPROUT_SKIN_SHOP","MODEL,TEXTURE,ANIM,VFX",,,"sprout_moon_tex.pvr","sprout_moon_tex.pvr","sprout_moon_tex.pvr","sprout_moon_tex.pvr",
"PercenterTrixie","PercenterTrixie","BRAWLPASS",,,7,7,,,"MechanicTurretTanuki",,,149,,"TID_TRIXIE_COLETTE_SKIN","TID_TRIXIE_COLETTE_SKIN_SHOP","MODEL,TEXTURE,ANIM,VFX",,,"colette_trixie_tex.pvr","colette_trixie_tex.pvr","colette_trixie_tex.pvr","colette_trixie_tex.pvr",
"LuchadorAtomic","LuchadorAtomic",,,,,,,,,,10000,,,"TID_EL_ATOMICO_SKIN","TID_EL_ATOMICO_SKIN_SHOP","MODEL,TEXTURE,VFX",,,"primo_atomico_tex.pvr","primo_atomico_tex.pvr","primo_atomico_tex.pvr","primo_atomico_tex.pvr+hue(masks/primo/primo_atomico_msk.png,339.070007)",
"PocoStarr","PocoStarr","BRAWLPASS",,,7,7,,,,,,79,,"TID_POCO_STARR_SKIN","TID_POCO_STARR_SKIN_SHOP","MODEL,VFX",,,"poco_starr_tex.pvr","poco_starr_tex.pvr","poco_starr_tex.pvr","poco_starr_tex.pvr",
"RosaRosaBrawloween","RosaRosaBrawloween","BRAWLOWEEN",,,4,4,,,,,,79,,"TID_BRAWLOWEEN_ROSA_SKIN","TID_BRAWLOWEEN_ROSA_SKIN_SHOP","MODEL,TEXTURE,VFX",,,,,,,
"BowDudeDemonic","BowDudeDemonic","SC_MAKE",,,,,,,"BowDudeTotemDefault",,,149,,"TID_UNDERWORLD_BO_SKIN","TID_UNDERWORLD_BO_SKIN_SHOP","MODEL,TEXTURE,ANIM,VFX","Beats",,"bo_demonic_tex.pvr","bo_demonic_tex.pvr","bo_demonic_tex.pvr","bo_demonic_tex.pvr",
"GunslingerPlayer","GunslingerPlayer","WF_2020",,,3,3,,,,,,149,,"TID_CHALLENGER_COLT_SKIN","TID_CHALLENGER_COLT_SKIN_SHOP","MODEL,TEXTURE,ANIM,VFX",,,"colt_player_tex.pvr","colt_player_tex.pvr","colt_player_tex.pvr","colt_player_tex.pvr",
"BullDudeGold","BullDudeGold","GOLD",,,,,,,,,,,25000,"TID_TRUE_GOLD_BULL_SKIN","TID_TRUE_GOLD_BULL_SKIN_SHOP","MODEL,TEXTURE",,"gold_materials.scw","bull_gold_tex.pvr","bull_gold_tex.pvr","bull_gold_tex.pvr","bull_gold_tex.pvr",
"BullDudeSilver","BullDudeSilver","SILVER",,,,,,,,,,,10000,"TID_TRUE_SILVER_BULL_SKIN","TID_TRUE_SILVER_BULL_SKIN_SHOP","MODEL,TEXTURE",,"silver_materials.scw","bull_silver_tex.pvr","bull_silver_tex.pvr","bull_silver_tex.pvr","bull_silver_tex.pvr",
"BarkeepTrueGold","BarkeepTrueGold","GOLD",,,,,,,,,,,25000,"TID_TRUE_GOLD_BARLEY_SKIN","TID_TRUE_GOLD_BARLEY_SKIN_SHOP","MODEL,TEXTURE",,"gold_materials.scw","barley_gold_tex.pvr","barley_gold_tex.pvr","barley_gold_tex.pvr","barley_gold_tex.pvr",
"BarkeepTrueSilver","BarkeepTrueSilver","SILVER",,,,,,,,,,,10000,"TID_TRUE_SILVER_BARLEY_SKIN","TID_TRUE_SILVER_BARLEY_SKIN_SHOP","MODEL,TEXTURE",,"silver_materials.scw","barley_silver_tex.pvr","barley_silver_tex.pvr","barley_silver_tex.pvr","barley_silver_tex.pvr",
"BaseballZombibi","BaseballZombibi","SC_MAKE",,,,,,,,,,79,,"TID_ZOMBIBI_SKIN","TID_ZOMBIBI_SKIN_SHOP","MODEL,TEXTURE,VFX","Kent2D",,"bibi_zombibi_tex.pvr","bibi_zombibi_tex.pvr","bibi_zombibi_tex.pvr","bibi_zombibi_tex.pvr",
"TrickshotDudeTrueGold","TrickshotDudeTrueGold","GOLD",,,,,,,,,,,25000,"TID_TRUE_GOLD_RICO_SKIN","TID_TRUE_GOLD_RICO_SKIN_SHOP","MODEL,TEXTURE",,"gold_materials.scw","rico_truegold_tex.pvr","rico_truegold_tex.pvr","rico_truegold_tex.pvr","rico_truegold_tex.pvr",
"TrickshotDudeSilver","TrickshotDudeSilver","SILVER",,,,,,,,,,,10000,"TID_TRUE_SILVER_RICO_SKIN","TID_TRUE_SILVER_RICO_SKIN_SHOP","MODEL,TEXTURE",,"silver_materials.scw","rico_silver_tex.pvr","rico_silver_tex.pvr","rico_silver_tex.pvr","rico_silver_tex.pvr",
"HammerDudeGold","HammerDudeGold","GOLD",,,,,,,,,,,25000,"TID_TRUE_GOLD_FRANK_SKIN","TID_TRUE_GOLD_FRANK_SKIN_SHOP","MODEL,TEXTURE",,"gold_materials.scw","frank_gold_tex.pvr","frank_gold_tex.pvr","frank_gold_tex.pvr","frank_gold_tex.pvr",
"HammerDudeSilver","HammerDudeSilver","SILVER",,,,,,,,,,,10000,"TID_TRUE_SILVER_FRANK_SKIN","TID_TRUE_SILVER_FRANK_SKIN_SHOP","MODEL,TEXTURE",,"silver_materials.scw","frank_silver_tex.pvr","frank_silver_tex.pvr","frank_silver_tex.pvr","frank_silver_tex.pvr",
"UndertakerHatGold","UndertakerHatGold","GOLD","icon_skin_mortis_hat",2,,,,,,,,,25000,"TID_TRUE_GOLD_MORTIS_SKIN","TID_TRUE_GOLD_MORTIS_SKIN_SHOP","MODEL,TEXTURE",,"gold_materials.scw","mortis_gold_tex.pvr","mortis_gold_tex.pvr","mortis_gold_tex.pvr","mortis_gold_tex.pvr",
"UndertakerGold","UndertakerGold","GOLD","icon_skin_mortis_nohat",2,6,6,,"UndertakerHatGold",,,,,,"TID_TRUE_GOLD_MORTIS_SKIN","TID_TRUE_GOLD_MORTIS_SKIN_SHOP","MODEL,TEXTURE",,"gold_materials.scw","mortis_gold_tex.pvr","mortis_gold_tex.pvr","mortis_gold_tex.pvr","mortis_gold_tex.pvr",
"UndertakerHatSilver","UndertakerHatSilver","SILVER","icon_skin_mortis_hat",3,,,,,,,,,10000,"TID_TRUE_SILVER_MORTIS_SKIN","TID_TRUE_SILVER_MORTIS_SKIN_SHOP","MODEL,TEXTURE",,"silver_materials.scw","mortis_silver_tex.pvr","mortis_silver_tex.pvr","mortis_silver_tex.pvr","mortis_silver_tex.pvr",
"UndertakerSilver","UndertakerSilver","SILVER","icon_skin_mortis_nohat",3,6,6,,"UndertakerHatSilver",,,,,,"TID_TRUE_SILVER_MORTIS_SKIN","TID_TRUE_SILVER_MORTIS_SKIN_SHOP","MODEL,TEXTURE",,"silver_materials.scw","mortis_silver_tex.pvr","mortis_silver_tex.pvr","mortis_silver_tex.pvr","mortis_silver_tex.pvr",
"IceDudeDefault","IceDudeDefault",,,,,,,,,,,,,,,,,,"lou_tex.pvr","lou_tex.pvr","lou_tex.pvr","lou_tex.pvr",
"SpeedyLine","SpeedyLine","LINE",,,,,,,,,,149,,"TID_CONY_MAX_SKIN","TID_CONY_MAX_SKIN_SHOP","MODEL,TEXTURE,ANIM,VFX",,,"max_cony_tex.pvr","max_cony_tex.pvr","max_cony_tex.pvr","max_cony_tex.pvr",
"ControllerLine","ControllerLine","LINE",,,,,,,,,,149,,"TID_SALLY_NANI_SKIN","TID_SALLY_NANI_SHOP","MODEL,TEXTURE,ANIM,VFX,TURRET",,,"nani_line_friends_tex.pvr","nani_line_friends_tex.pvr","nani_line_friends_tex.pvr","nani_line_friends_tex.pvr",
"SniperLine","SniperLine","LINE",,,,,,,,,,79,,"TID_CHOCO_PIPER_SKIN","TID_CHOCO_PIPER_SHOP","MODEL,TEXTURE,ANIM",,,"piper_line_friends_tex.pvr","piper_line_friends_tex.pvr","piper_line_friends_tex.pvr","piper_line_friends_tex.pvr",
"ControllerLineAddon","ControllerLineAddon",,,,,,,,,,,,,,,,,,"nani_line_friends_tex.pvr","nani_line_friends_tex.pvr","nani_line_friends_tex.pvr","nani_line_friends_tex.pvr",
"TntDudeSnowtel","TntDudeSnowtel","BRAWLPASS",,,7,7,,,,,,79,,"TID_BELLHOP_MIKE_SKIN","TID_BELLHOP_MIKE_SHOP","MODEL,TEXTURE,VFX",,,"dynamike_groom_tex.pvr","dynamike_groom_tex.pvr","dynamike_groom_tex.pvr","dynamike_groom_tex.pvr",
"IceDudeKing","IceDudeKing","BRAWLPASS",,,7,7,,,,,,149,,"TID_KING_LOU_SKIN","TID_KING_LOU_SHOP","MODEL,TEXTURE,ANIM,VFX",,,"lou_king_tex.pvr","lou_king_tex.pvr","lou_king_tex.pvr","lou_king_tex.pvr",
"SafeRed","SafeRed",,,,,,,,,,,,,,,,,,,,,,
"SnakeOilDefault","SnakeOilDefault",,,,,,,,,,,,,,,,,,"byron_tex.pvr","byron_tex.pvr","byron_tex.pvr","byron_tex.pvr",
"EnragerDefault","EnragerDefault",,,,,,,,,,,,,,,,,,"edgar_tex.pvr","edgar_tex.pvr","edgar_tex.pvr","edgar_tex.pvr",
"BlowerNutcracker","BlowerNutcracker","SC_MAKE",,,,,,,,,,149,,"TID_GALE_NUTCRACKER","TID_GALE_NUTCRACKER_SHOP","MODEL,TEXTURE,ANIM,VFX","Eric_Imperial and GuiRamalho",,"gale_nutcracker_tex.pvr","gale_nutcracker_tex.pvr","gale_nutcracker_tex.pvr","gale_nutcracker_tex.pvr",
"RocketGirlOg","RocketGirlOg","ANNIVERSARY2020",,,3,3,,,,,,79,,"TID_OLD_SCHOOL_BROCK","TID_OLD_SCHOOL_BROCK_SHOP","MODEL,TEXTURE",,,"brock_redux_tex.pvr","brock_redux_tex.pvr","brock_redux_tex.pvr","brock_redux_tex.pvr",
"ClusterBombDudeSnowman","ClusterBombDudeSnowman","BRAWLIDAYS",,,3,3,,,"ClusterBombPetSnowman",,,79,,"TID_SNOWMAN_TICK","TID_SNOWMAN_TICK_SHOP","MODEL,TEXTURE,ANIM,VFX",,,"tick_snowman_tex.pvr","tick_snowman_tex.pvr","tick_snowman_tex.pvr","tick_snowman_tex.pvr",
"HammerDudeXmas","HammerDudeXmas","BRAWLIDAYS",,,3,3,,,,,,149,,"TID_HOLIDAY_PARTY_FRANK","TID_HOLIDAY_PARTY_FRANK_SHOP","MODEL,TEXTURE,ANIM,VFX",,,"frank_xmasparty_tex.pvr","frank_xmasparty_tex.pvr","frank_xmasparty_tex.pvr","frank_xmasparty_tex.pvr",
"BowDudeWarrior","BowDudeWarrior",,,,,,,,"BowDudeTotemDefault",,,29,,"TID_WARRIOR_BO_SKIN","TID_WARRIOR_BO_SKIN_SHOP","MODEL,TEXTURE",,,"bo_warrior_tex.pvr","bo_warrior_tex.pvr","bo_warrior_tex.pvr","bo_warrior_tex.pvr",
"ClusterBombDudeGold","ClusterBombDudeGold","GOLD",,,,,,,"ClusterBombPetGold",,,,25000,"TID_TRUE_GOLD_TICK_SKIN","TID_TRUE_GOLD_TICK_SKIN_SHOP","MODEL,TEXTURE",,"gold_materials.scw","tick_gold_tex.pvr","tick_gold_tex.pvr","tick_gold_tex.pvr","tick_gold_tex.pvr",
"ClusterBombDudeSilver","ClusterBombDudeSilver","SILVER",,,,,,,"ClusterBombPetSilver",,,,10000,"TID_TRUE_SILVER_TICK_SKIN","TID_TRUE_SILVER_TICK_SKIN_SHOP","MODEL,TEXTURE",,"silver_materials.scw","tick_silver_tex.pvr","tick_silver_tex.pvr","tick_silver_tex.pvr","tick_silver_tex.pvr",
"CrowGold","CrowGold","GOLD",,,,,,,,,,,25000,"TID_TRUE_GOLD_CROW_SKIN","TID_TRUE_GOLD_CROW_SKIN_SHOP","MODEL,TEXTURE",,"gold_materials.scw","crow_gold_tex.pvr","crow_gold_tex.pvr","crow_gold_tex.pvr","crow_gold_tex.pvr",
"CrowSilver","CrowSilver","SILVER",,,,,,,,,,,10000,"TID_TRUE_SILVER_CROW_SKIN","TID_TRUE_SILVER_CROW_SKIN_SHOP","MODEL,TEXTURE",,"silver_materials.scw","crow_silver_tex.pvr","crow_silver_tex.pvr","crow_silver_tex.pvr","crow_silver_tex.pvr",
"BarrelBotGold","BarrelBotGold","GOLD",,,,,,,,,,,25000,"TID_TRUE_GOLD_DARRYL_SKIN","TID_TRUE_GOLD_DARRYL_SKIN_SHOP","MODEL,TEXTURE",,"gold_materials.scw","darryl_gold_tex.pvr","darryl_gold_tex.pvr","darryl_gold_tex.pvr","darryl_gold_tex.pvr",
"BarrelBotSilver","BarrelBotSilver","SILVER",,,,,,,,,,,10000,"TID_TRUE_SILVER_DARRYL_SKIN","TID_TRUE_SILVER_DARRYL_SKIN_SHOP","MODEL,TEXTURE",,"silver_materials.scw","darryl_silver_tex.pvr","darryl_silver_tex.pvr","darryl_silver_tex.pvr","darryl_silver_tex.pvr",
"ClusterBombPetSnowman","ClusterBombPetSnowman",,,,,,,,,,,,,,,,,,"tick_snowman_tex.pvr","tick_snowman_tex.pvr","tick_snowman_tex.pvr","tick_snowman_tex.pvr",
"MechanicGold","MechanicGold","GOLD",,,,,,,"MechanicGoldTurret",,,,25000,"TID_TRUE_GOLD_JESSIE_SKIN","TID_TRUE_GOLD_JESSIE_SKIN_SHOP","MODEL,TEXTURE",,"gold_materials.scw","jessie_gold_tex.pvr","jessie_gold_tex.pvr","jessie_gold_tex.pvr","jessie_gold_tex.pvr",
"MechanicSilver","MechanicSilver","SILVER",,,,,,,"MechanicSilverTurret",,,,10000,"TID_TRUE_SILVER_JESSIE_SKIN","TID_TRUE_SILVER_JESSIE_SKIN_SHOP","MODEL,TEXTURE",,"silver_materials.scw","jessie_silver_tex.pvr","jessie_silver_tex.pvr","jessie_silver_tex.pvr","jessie_silver_tex.pvr",
"MechanicGoldTurret","TurretDefault",,,,,,,,,,,,,,,,,"gold_materials.scw","dogturret_gold_tex.pvr","dogturret_gold_tex.pvr","dogturret_gold_tex.pvr","dogturret_gold_tex.pvr",
"MechanicSilverTurret","TurretDefault",,,,,,,,,,,,,,,,,"silver_materials.scw","dogturret_silver_tex.pvr","dogturret_silver_tex.pvr","dogturret_silver_tex.pvr","dogturret_silver_tex.pvr",
"ClusterBombPetGold","ClusterBombPetDefault",,,,,,,,,,,,,,,,,"gold_materials.scw","tick_gold_tex.pvr","tick_gold_tex.pvr","tick_gold_tex.pvr","tick_gold_tex.pvr",
"ClusterBombPetSilver","ClusterBombPetDefault",,,,,,,,,,,,,,,,,"silver_materials.scw","tick_silver_tex.pvr","tick_silver_tex.pvr","tick_silver_tex.pvr","tick_silver_tex.pvr",
"BlackHoleGold","BlackHoleGold","GOLD",,,,,,,,,,,25000,"TID_TRUE_GOLD_TARA_SKIN","TID_TRUE_GOLD_TARA_SKIN_SHOP","MODEL,TEXTURE",,"gold_materials.scw","tara_gold_tex.pvr","tara_gold_tex.pvr","tara_gold_tex.pvr","tara_gold_tex.pvr",
"BlackHoleSilver","BlackHoleSilver","SILVER",,,,,,,,,,,10000,"TID_TRUE_SILVER_TARA_SKIN","TID_TRUE_SILVER_TARA_SKIN_SHOP","MODEL,TEXTURE",,"silver_materials.scw","tara_silver_tex.pvr","tara_silver_tex.pvr","tara_silver_tex.pvr","tara_silver_tex.pvr",
"RuffsDefault","RuffsDefault",,,,,,,,,,,,,,,,,,"ruffs_tex.pvr","ruffs_tex.pvr","ruffs_tex.pvr","ruffs_tex.pvr",
"BullDudeOx","BullDudeOx","LNY_2021",,,4,4,,,,,,149,,"TID_SPACE_OX_BULL_SKIN","TID_SPACE_OX_BULL_SKIN_SHOP","MODEL,TEXTURE,ANIM,VFX,VOICE",,,"bull_ox_tex.pvr","bull_ox_tex.pvr","bull_ox_tex.pvr","bull_ox_tex.pvr",
"CactusLord","CactusLord","LNY_2021",,,4,4,,,,,,149,,"TID_DARK_LORD_SPIKE_SKIN","TID_DARK_LORD_SPIKE_SKIN_SHOP","MODEL,TEXTURE,ANIM,VFX",,,"spike_lord_tex.pvr","spike_lord_tex.pvr","spike_lord_tex.pvr","spike_lord_tex.pvr",
"BarrelBotLaser","BarrelBotLaser","BRAWLPASS",,,7,7,,,,,,79,,"TID_D4R-RY1_SKIN","TID_D4R-RY1_SKIN_SHOP","MODEL,TEXTURE,VFX",,,"darryl_droid_tex.pvr","darryl_droid_tex.pvr","darryl_droid_tex.pvr","darryl_droid_tex.pvr",
"RollerDefault","RollerDefault",,,,,,,,,,,,,,,,,,"stu_tex.pvr","stu_tex.pvr","stu_tex.pvr","stu_tex.pvr",
"IceDudeCrooner","IceDudeCrooner",,,,,,,,,,,79,,"TID_SMOOTH_LOU_SKIN","TID_SMOOTH_LOU_SKIN_SHOP","MODEL,TEXTURE,ANIM,VFX",,,"lou_crooner_tex.pvr","lou_crooner_tex.pvr","lou_crooner_tex.pvr","lou_crooner_tex.pvr",
"WhirlwindDarkTide","WhirlwindDarkTide",,,,,,,,,,10000,,,"TID_DARK_TIDE_CARL_SKIN","TID_DARK_TIDE_CARL_SKIN_SHOP","MODEL,TEXTURE,ANIM,VFX",,,"carl_pirate_tex.pvr+hue(masks/carl/carl_bandana_msk.png,25.115999)+value(masks/carl/carl_bandana_msk.png,0.581000)+hue(masks/carl/carl_belt_msk.png,121.394997)+value(masks/carl/carl_boots_gloves_msk.png,0.349000)+saturation(masks/carl/carl_bright_boot_glove_msk.png,1.279000)+hue(masks/carl/carl_coat_trunks_msk.png,318.140015)+value(masks/carl/carl_bright_boot_glove_msk.png,0.814000)+value(masks/carl/carl_belt_msk.png,1.163000)+value(masks/carl/carl_coat_trunks_msk.png,0.116000)+value(masks/carl/carl_hat_msk.png,0.465000)+saturation(masks/carl/carl_hat_msk.png,3.372000)+hue(masks/carl/carl_hat_msk.png,309.766998)+saturation(masks/carl/carl_coat_trunks_msk.png,0.814000)+value(masks/carl/carl_sleeves_msk.png,0.116000)+hue(masks/carl/carl_sleeves_msk.png,226.046997)+saturation(masks/carl/carl_sleeves_msk.png,9.186000)+value(masks/carl/carl_x_msk.png,0.465000)+hue(masks/carl/carl_x_msk.png,29.302000)+hue(masks/carl/carl_ship_handle_msk.png,192.557999)+value(masks/carl/carl_ship_handle_msk.png,0.349000)+hue(masks/carl/carl_ship_metal_msk.png,192.557999)+saturation(masks/carl/carl_ship_metal_msk.png,0.581000)+value(masks/carl/carl_ship_metal_msk.png,0.581000)+hue(masks/carl/carl_ship_skull_msk.png,175.813995)+saturation(masks/carl/carl_ship_skull_msk.png,0.116000)+saturation(masks/carl/carl_hull_msk.png,0.814000)+value(masks/carl/carl_hull_msk.png,0.581000)","carl_pirate_tex.pvr+hue(masks/carl/carl_bandana_msk.png,25.115999)+value(masks/carl/carl_bandana_msk.png,0.581000)+hue(masks/carl/carl_belt_msk.png,121.394997)+value(masks/carl/carl_boots_gloves_msk.png,0.349000)+saturation(masks/carl/carl_bright_boot_glove_msk.png,1.279000)+hue(masks/carl/carl_coat_trunks_msk.png,318.140015)+value(masks/carl/carl_bright_boot_glove_msk.png,0.814000)+value(masks/carl/carl_belt_msk.png,1.163000)+value(masks/carl/carl_coat_trunks_msk.png,0.116000)+value(masks/carl/carl_hat_msk.png,0.465000)+saturation(masks/carl/carl_hat_msk.png,3.372000)+hue(masks/carl/carl_hat_msk.png,309.766998)+saturation(masks/carl/carl_coat_trunks_msk.png,0.814000)+value(masks/carl/carl_sleeves_msk.png,0.116000)+hue(masks/carl/carl_sleeves_msk.png,226.046997)+saturation(masks/carl/carl_sleeves_msk.png,9.186000)+value(masks/carl/carl_x_msk.png,0.465000)+hue(masks/carl/carl_x_msk.png,29.302000)+hue(masks/carl/carl_ship_handle_msk.png,192.557999)+value(masks/carl/carl_ship_handle_msk.png,0.349000)+hue(masks/carl/carl_ship_metal_msk.png,192.557999)+saturation(masks/carl/carl_ship_metal_msk.png,0.581000)+value(masks/carl/carl_ship_metal_msk.png,0.581000)+hue(masks/carl/carl_ship_skull_msk.png,175.813995)+saturation(masks/carl/carl_ship_skull_msk.png,0.116000)+saturation(masks/carl/carl_hull_msk.png,0.814000)+value(masks/carl/carl_hull_msk.png,0.581000)","carl_pirate_tex.pvr+hue(masks/carl/carl_belt_msk.png,129.766998)+hue(masks/carl/carl_coat_trunks_msk.png,221.860001)+saturation(masks/carl/carl_hat_msk.png,1.628000)+hue(masks/carl/carl_sleeves_msk.png,180.000000)+saturation(masks/carl/carl_sleeves_msk.png,3.721000)+hue(masks/carl/carl_x_msk.png,0.000000)+value(masks/carl/carl_sleeves_msk.png,0.581000)+value(masks/carl/carl_x_msk.png,0.581000)+hue(masks/carl/carl_bandana_msk.png,16.743999)+value(masks/carl/carl_bandana_msk.png,0.581000)+hue(masks/carl/carl_ship_metal_msk.png,188.371994)+saturation(masks/carl/carl_ship_metal_msk.png,0.349000)+value(masks/carl/carl_ship_metal_msk.png,0.930000)+value(masks/carl/carl_ship_skull_msk.png,0.349000)+hue(masks/carl/carl_ship_skull_msk.png,159.070007)","carl_pirate_tex.pvr+hue(masks/carl/carl_belt_msk.png,129.766998)+hue(masks/carl/carl_coat_trunks_msk.png,221.860001)+saturation(masks/carl/carl_hat_msk.png,1.628000)+hue(masks/carl/carl_sleeves_msk.png,180.000000)+saturation(masks/carl/carl_sleeves_msk.png,3.721000)+hue(masks/carl/carl_x_msk.png,0.000000)+value(masks/carl/carl_sleeves_msk.png,0.581000)+value(masks/carl/carl_x_msk.png,0.581000)+hue(masks/carl/carl_bandana_msk.png,16.743999)+value(masks/carl/carl_bandana_msk.png,0.581000)+hue(masks/carl/carl_ship_metal_msk.png,188.371994)+saturation(masks/carl/carl_ship_metal_msk.png,0.349000)+value(masks/carl/carl_ship_metal_msk.png,0.930000)+value(masks/carl/carl_ship_skull_msk.png,0.349000)+hue(masks/carl/carl_ship_skull_msk.png,159.070007)",
"RuffsRonin","RuffsRonin","BRAWLPASS",,,7,7,,,,,,149,,"TID_RONIN_RUFFS_SKIN","TID_RONIN_RUFFS_SKIN_SHOP","MODEL,TEXTURE,ANIM,VFX",,,"ruffs_ronin_tex.pvr","ruffs_ronin_tex.pvr","ruffs_ronin_tex.pvr","ruffs_ronin_tex.pvr",
"RuffsCoverDefault","RuffsCoverDefault",,,,,,,,,,,,,,,,,,,,,,
"PercenterCrew","PercenterCrew","LNY_2021",,,4,4,,,"MechanicTurretTanuki",,,79,,"TID_NAVIGATOR_COLETTE_SKIN","TID_NAVIGATOR_COLETTE_SHOP","MODEL,TEXTURE,VFX",,,"colette_crew_tex.pvr","colette_crew_tex.pvr","colette_crew_tex.pvr","colette_crew_tex.pvr",
"ElectroSniperDefault","ElectroSniperDefault",,,,,,,,"HealingStationSummer",,,,,,,,,,"belle_tex.pvr","belle_tex.pvr","belle_tex.pvr","belle_tex.pvr",
"StickyBombDefault","StickyBombDefault",,,,,,,,,,,,,,,,,,"squeak_tex.pvr","squeak_tex.pvr","squeak_tex.pvr","squeak_tex.pvr",
"BaseballVigilante","BaseballVigilante",,,,,,,,,,,49,,"TID_BIBILANTE_SKIN","TID_BIBILANTE_SKIN_SHOP","MODEL,TEXTURE,VFX",,,"bibi_vigilante_tex.pvr","bibi_vigilante_tex.pvr","bibi_vigilante_tex.pvr","bibi_vigilante_tex.pvr",
"ArtilleryDudeSmuggler","ArtilleryDudeSmuggler","RANKED",,,,,,,"ArtilleryDudeSmugglerTurret",,25000,,,"TID_SMUGGLER_PENNY_SKIN","TID_SMUGGLER_PENNY_SKIN_SHOP","MODEL,TEXTURE,VFX",,,"penny_smuggler_tex.pvr","penny_smuggler_tex.pvr","penny_smuggler_tex.pvr","penny_smuggler_tex.pvr",
"ArtilleryDudeSmugglerTurret","ArtilleryTurretSmuggler",,,,,,,,,,,,,,,,,,"penny_smuggler_tex.pvr","penny_smuggler_tex.pvr","penny_smuggler_tex.pvr","penny_smuggler_tex.pvr",
"TntDudePsg","TntDudePsg","PSG",,,,,,,,,,149,,"TID_PSG_MIKE_SKIN","TID_PSG_MIKE_SKIN_SHOP","MODEL,TEXTURE,ANIM,VFX",,,"dynamike_psg_tex.pvr","dynamike_psg_tex.pvr","dynamike_psg_tex.pvr","dynamike_psg_tex.pvr",
"RollerWhite","RollerWhite",,,,,,,,,,,29,,"TID_SUPERSTAR_STU_SKIN","TID_SUPERSTAR_STU_SKIN_SHOP","TEXTURE",,,"stu_white_tex.pvr","stu_white_tex.pvr","stu_white_tex.pvr","stu_white_tex.pvr",
"Proto1Default","Proto1Default",,,,,,,,,,,,,,,,,,"gene_dark_tex.pvr","gene_dark_tex.pvr","gene_dark_tex.pvr","gene_dark_tex.pvr",
"SpeedBoosterDefault","SpeedBoosterDefault",,,,,,,,,,,,,,,,,,"stu_tex.pvr","stu_tex.pvr","stu_tex.pvr","stu_tex.pvr",
"FireDudeMasked","FireDudeMasked",,,,,,,,,,,149,,"TID_AMBER_DE_LA_VEGA_SKIN","TID_AMBER_DE_LA_VEGA_SKIN_SHOP","MODEL,TEXTURE,ANIM,VFX",,,"amber_masked_tex.pvr","amber_masked_tex.pvr","amber_masked_tex.pvr","amber_masked_tex.pvr",
"EnragerDuel","EnragerDuel",,,,,,,,,,,79,,"TID_QUICK_DRAW_EDGAR_SKIN","TID_QUICK_DRAW_EDGAR_SKIN_SHOP","MODEL,TEXTURE,ANIM,VFX",,,"edgar_duelist_tex.pvr","edgar_duelist_tex.pvr","edgar_duelist_tex.pvr","edgar_duelist_tex.pvr",
"BlackHoleMisfortune","BlackHoleMisfortune",,,,,,,,,,,149,,"TID_MISFORTUNE_TARA_SKIN","TID_MISFORTUNE_TARA_SKIN_SHOP","MODEL,TEXTURE,ANIM,VFX",,,"tara_misfortune_tex.pvr","tara_misfortune_tex.pvr","tara_misfortune_tex.pvr","tara_misfortune_tex.pvr",
"ArcadePiano","ArcadePiano","RANKED",,,3,3,,,"DamageBoosterPiano",,25000,,,"TID_SALOON_8BIT_SKIN","TID_SALOON_8BIT_SKIN_SHOP","MODEL,TEXTURE,ANIM,VFX,SFX",,,"8bit_piano_tex.pvr","8bit_piano_tex.pvr","8bit_piano_tex.pvr","8bit_piano_tex.pvr",
"BeeSniperCat","BeeSniperCat",,,,,,,,"BeeSniperSlowPotDefault",,,79,,"TID_NEKO_BEA_SKIN","TID_NEKO_BEA_SKIN_SHOP","MODEL,TEXTURE,ANIM,VFX",,,"bea_luckycat_tex.pvr","bea_luckycat_tex.pvr","bea_luckycat_tex.pvr","bea_luckycat_tex.pvr",
"BeeSniperCatGold","BeeSniperCatGold",,,,,,,,"BeeSniperSlowPotDefault",,,149,,"TID_GOLD_NEKO_BEA_SKIN","TID_GOLD_NEKO_BEA_SKIN_SHOP","MODEL,TEXTURE,ANIM,VFX",,,"bea_goldcat_tex.pvr","bea_goldcat_tex.pvr","bea_goldcat_tex.pvr","bea_goldcat_tex.pvr",
"RuffsMarshall","RuffsMarshall",,,,,,,,,,,79,,"TID_MARSHAL_RUFFS_SKIN","TID_MARSHAL_RUFFS_SKIN_SHOP","MODEL,TEXTURE,VFX",,,"ruffs_marshal_tex.pvr","ruffs_marshal_tex.pvr","ruffs_marshal_tex.pvr","ruffs_marshal_tex.pvr",
"SandstormLantern","SandstormLantern",,,,,,,,,,,149,,"TID_LANTERN_SANDY_SKIN","TID_LANTERN_SANDY_SKIN_SHOP","MODEL,TEXTURE,ANIM,VFX",,,"sandy_lantern_tex.pvr","sandy_lantern_tex.pvr","sandy_lantern_tex.pvr","sandy_lantern_tex.pvr",
"RopeDudeDefault","RopeDudeDefault",,,,,,,,,,,,,,,,,,"buzz_tex.pvr","buzz_tex.pvr","buzz_tex.pvr","buzz_tex.pvr",
"AssaultShotgunDefault","AssaultShotgunDefault",,,,,,,,,,,,,,,,,,"griff_tex.pvr","griff_tex.pvr","griff_tex.pvr","griff_tex.pvr",
"BeeSniperArchvillain","BeeSniperArchvillain","SC_MAKE",,,,,,,"BeeSniperSlowPotDefault",,,79,,"TID_ARCHVILLAIN_BEA_SKIN","TID_ARCHVILLAIN_BEA_SKIN_SHOP","MODEL,TEXTURE,VFX","Mike BlueG",,"bea_archvillain_tex.pvr","bea_archvillain_tex.pvr","bea_archvillain_tex.pvr","bea_archvillain_tex.pvr",
"BeeSniperArchvillainAddonBee","BeeSniperArchvillainAddonBee",,,,,,,,,,,,,,,,,,"bea_archvillain_tex.pvr","bea_archvillain_tex.pvr","bea_archvillain_tex.pvr","bea_archvillain_tex.pvr",
"PowerLevelerDIY","PowerLevelerDIY",,,,,,,,,,,49,,"TID_DYI_SURGE_SKIN","TID_DYI_SURGE_SKIN_SHOP","MODEL,TEXTURE,VFX",,,"surge_diy_tex.pvr","surge_diy_tex.pvr","surge_diy_tex.pvr","surge_diy_tex.pvr",
"DamageBoosterPiano","DamageBoosterPiano",,,,,,,,,,,,,,,,,,"8bit_piano_tex.pvr","8bit_piano_tex.pvr","8bit_piano_tex.pvr","8bit_piano_tex.pvr",
"ElectroSniperBoss","ElectroSniperBoss","BRAWLPASS",,,7,7,,,"HealingStationSummer",,,149,,"TID_BELLE_GOLDHAND_SKIN","TID_BELLE_GOLDHAND_SKIN_SHOP","MODEL,TEXTURE,ANIM,VFX",,,"belle_boss_tex.pvr","belle_boss_tex.pvr","belle_boss_tex.pvr","belle_boss_tex.pvr",
"BeeSniperCatAddonBee","BeeSniperCatAddonBee",,,,,,,,,,,,,,,,,,"bea_luckycat_tex.pvr","bea_luckycat_tex.pvr","bea_luckycat_tex.pvr","bea_luckycat_tex.pvr",
"BeeSniperCatGoldAddonBee","BeeSniperCatGoldAddonBee",,,,,,,,,,,,,,,,,,"bea_goldcat_tex.pvr","bea_goldcat_tex.pvr","bea_goldcat_tex.pvr","bea_goldcat_tex.pvr",
"ShamanGold","ShamanGold","GOLD",,,,,,,"ShamanBearGold",,,,25000,"TID_TRUE_GOLD_NITA_SKIN","TID_TRUE_GOLD_NITA_SKIN_SHOP","MODEL,TEXTURE",,"gold_materials.scw","nita_gold_tex.pvr","nita_gold_tex.pvr","nita_gold_tex.pvr","nita_gold_tex.pvr",
"ShamanSilver","ShamanSilver","SILVER",,,,,,,"ShamanBearSilver",,,,10000,"TID_TRUE_SILVER_NITA_SKIN","TID_TRUE_SILVER_NITA_SKIN_SHOP","MODEL,TEXTURE",,"silver_materials.scw","nita_silver_tex.pvr","nita_silver_tex.pvr","nita_silver_tex.pvr","nita_silver_tex.pvr",
"ShamanBearGold","ShamanBearDefault",,,,,,,,,,,,,,,,,"gold_materials.scw","nita_bear_gold_tex.pvr","nita_bear_gold_tex.pvr","nita_bear_gold_tex.pvr","nita_bear_gold_tex.pvr",
"ShamanBearSilver","ShamanBearDefault",,,,,,,,,,,,,,,,,"silver_materials.scw","nita_bear_silver_tex.pvr","nita_bear_silver_tex.pvr","nita_bear_silver_tex.pvr","nita_bear_silver_tex.pvr",
"CactusGold","CactusGold","GOLD",,,,,,,,,,,25000,"TID_TRUE_GOLD_SPIKE","TID_TRUE_GOLD_SPIKE_SHOP","MODEL,TEXTURE",,"gold_materials.scw","spike_gold_tex.pvr","spike_gold_tex.pvr","spike_gold_tex.pvr","spike_gold_tex.pvr",
"CactusSilver","CactusSilver","SILVER",,,,,,,,,,,10000,"TID_TRUE_SILVER_SPIKE","TID_TRUE_SILVER_SPIKE_SHOP","MODEL,TEXTURE",,"silver_materials.scw","spike_silver_tex.pvr","spike_silver_tex.pvr","spike_silver_tex.pvr","spike_silver_tex.pvr",
"GunslingerBadass","GunslingerBadass","BRAWLPASS",,,7,7,,,,,,79,,"TID_GUNSLINGER_COLT_SKIN","TID_GUNSLINGER_COLT_SKIN_SHOP","MODEL,TEXTURE",,,"colt_badass_tex.pvr","colt_badass_tex.pvr","colt_badass_tex.pvr","colt_badass_tex.pvr",
"HookDudeGold","HookDudeGold","GOLD",,,,,,,,,,,25000,"TID_TRUE_GOLD_GENE","TID_TRUE_GOLD_GENE_SHOP","MODEL,TEXTURE",,"gold_materials.scw","gene_gold_tex.pvr","gene_gold_tex.pvr","gene_gold_tex.pvr","gene_gold_tex.pvr",
"HookDudeSilver","HookDudeSilver","SILVER",,,,,,,,,,,10000,"TID_TRUE_SILVER_GENE","TID_TRUE_SILVER_GENE_SHOP","MODEL,TEXTURE",,"silver_materials.scw","gene_silver_tex.pvr","gene_silver_tex.pvr","gene_silver_tex.pvr","gene_silver_tex.pvr",
"IceDudeBurger","IceDudeBurger",,,,3,3,,,,,,79,,"TID_BURGER_LOU_SKIN","TID_BURGER_LOU_SKIN_SHOP","MODEL,TEXTURE,VFX",,,"lou_burger_tex.pvr","lou_burger_tex.pvr","lou_burger_tex.pvr","lou_burger_tex.pvr",
"DrillerJetski","DrillerJetski","RANKED",,,3,3,,,,,25000,,,"TID_JETSKI_JACKY_SKIN","TID_JETSKI_JACKY_SKIN_SHOP","MODEL,TEXTURE,ANIM,VFX,SFX",,,"jacky_jetski_tex.pvr","jacky_jetski_tex.pvr","jacky_jetski_tex.pvr","jacky_jetski_tex.pvr",
"WhirlwindSurfer","WhirlwindSurfer","BRAWLPASS",,,7,7,,,,,,149,,"TID_SURFER_CARL_SKIN","TID_SURFER_CARL_SKIN_SHOP","MODEL,TEXTURE,ANIM,VFX",,,"carl_surfer_tex.pvr","carl_surfer_tex.pvr","carl_surfer_tex.pvr","carl_surfer_tex.pvr",
"RosaCoco","RosaCoco",,,,3,3,,,,,,149,,"TID_COCO_ROSA_SKIN","TID_COCO_ROSA_SKIN_SHOP","MODEL,TEXTURE,ANIM,VFX",,,,,,,
"SpeedyHermes","SpeedyHermes",,,,3,3,,,,,,79,,"TID_HERMES_MAX_SKIN","TID_HERMES_MAX_SKIN_SHOP","MODEL,TEXTURE,VFX",,,,,,,
"UndertakerBeach","UndertakerBeach",,,,3,3,,,,,,49,,"TID_BEACHTIME_MORTIS_SKIN","TID_BEACHTIME_MORTIS_SKIN_SHOP","MODEL,TEXTURE",,,,,,,
"NinjaDino","NinjaDino",,,,3,3,,,,,,79,,"TID_DINO_LEON_SKIN","TID_DINO_LEON_SKIN_SHOP","MODEL,TEXTURE,ANIM,VFX",,,"leon_dino_tex.pvr","leon_dino_tex.pvr","leon_dino_tex.pvr","leon_dino_tex.pvr",
"UseMe1","BallDefault",,,,,,,,,,,,,,,,,,,,,,
"TntDudeFlamengo","TntDudeFlamengo","LAML","icon_laml_chivas",4,3,3,,,,,,49,,"TID_FLAMENGO_MIKE_SKIN","TID_FLAMENGO_MIKE_SKIN_SHOP","MODEL,TEXTURE,ANIM,VFX",,,"dynamike_footbrawl_flamengo_tex.pvr","dynamike_footbrawl_flamengo_tex.pvr","dynamike_footbrawl_flamengo_tex.pvr","dynamike_footbrawl_flamengo_tex.pvr",
"TntDudeLduQuito","TntDudeLduQuito","LAML","icon_laml_quito",4,3,3,,,,,,49,,"TID_LDU_QUITO_MIKE_SKIN","TID_LDU_QUITO_MIKE_SKIN_SHOP","MODEL,TEXTURE,ANIM,VFX",,,"dynamike_footbrawl_quito_tex.pvr","dynamike_footbrawl_quito_tex.pvr","dynamike_footbrawl_quito_tex.pvr","dynamike_footbrawl_quito_tex.pvr",
"TntDudeChivas","TntDudeChivas","LAML","icon_laml_flamengo",4,3,3,,,,,,49,,"TID_CHIVAS_MIKE_SKIN","TID_CHIVAS_MIKE_SKIN_SHOP","MODEL,TEXTURE,ANIM,VFX",,,"dynamike_footbrawl_chivas_tex.pvr","dynamike_footbrawl_chivas_tex.pvr","dynamike_footbrawl_chivas_tex.pvr","dynamike_footbrawl_chivas_tex.pvr",
"LuchadorUniversitario","LuchadorUniversitario","LAML","icon_laml_universitario",5,3,3,,,,,,49,,"TID_UNIVERSITARIO_PRIMO_SKIN","TID_UNIVERSITARIO_PRIMO_SKIN_SHOP","MODEL,TEXTURE",,,"primo_footbrawl_peru_tex.pvr","primo_footbrawl_peru_tex.pvr","primo_footbrawl_peru_tex.pvr","primo_footbrawl_peru_tex.pvr",
"LuchadorClubNacional","LuchadorClubNacional","LAML","icon_laml_clubnacional",5,3,3,,,,,,49,,"TID_NACIONAL_PRIMO_SKIN","TID_NACIONAL_PRIMO_SKIN_SHOP","MODEL,TEXTURE",,,"primo_footbrawl_uruguay_tex.pvr","primo_footbrawl_uruguay_tex.pvr","primo_footbrawl_uruguay_tex.pvr","primo_footbrawl_uruguay_tex.pvr",
"LuchadorCorinthians","LuchadorCorinthians","LAML","icon_laml_corinthians",5,3,3,,,,,,49,,"TID_CORINTHIANS_PRIMO_SKIN","TID_CORINTHIANS_PRIMO_SKIN_SHOP","MODEL,TEXTURE",,,"primo_footbrawl_brazil_tex.pvr","primo_footbrawl_brazil_tex.pvr","primo_footbrawl_brazil_tex.pvr","primo_footbrawl_brazil_tex.pvr",
"ShotgunGirlBocaJuniors","ShotgunGirlBocaJuniors","LAML","icon_laml_bocajuniors",6,3,3,,,,,,49,,"TID_BOCA_SHELLY_SKIN","TID_BOCA_SHELLY_SKIN_SHOP","MODEL,TEXTURE",,,"shelly_footbrawl_argentina_tex.pvr","shelly_footbrawl_argentina_tex.pvr","shelly_footbrawl_argentina_tex.pvr","shelly_footbrawl_argentina_tex.pvr",
"ShotgunGirlAmerica","ShotgunGirlAmerica","LAML","icon_laml_america",6,3,3,,,,,,49,,"TID_AMERICA_SHELLY_SKIN","TID_AMERICA_SHELLY_SKIN_SHOP","MODEL,TEXTURE",,,"shelly_footbrawl_colombia_tex.pvr","shelly_footbrawl_colombia_tex.pvr","shelly_footbrawl_colombia_tex.pvr","shelly_footbrawl_colombia_tex.pvr",
"ShotgunGirlUDeChile","ShotgunGirlUDeChile","LAML","icon_laml_udechile",6,3,3,,,,,,49,,"TID_UDC_SHELLY_SKIN","TID_UDC_SHELLY_SKIN_SHOP","MODEL,TEXTURE",,,"shelly_footbrawl_chile_tex.pvr","shelly_footbrawl_chile_tex.pvr","shelly_footbrawl_chile_tex.pvr","shelly_footbrawl_chile_tex.pvr",
"GunSlingerRiverPlate","GunSlingerRiverPlate","LAML","icon_laml_riverplate",7,3,3,,,,,,49,,"TID_RIVER_PLATE_COLT_SKIN","TID_RIVER_PLATE_COLT_SKIN_SHOP","MODEL,TEXTURE",,,"colt_footbrawl_buenosaires_tex.pvr","colt_footbrawl_buenosaires_tex.pvr","colt_footbrawl_buenosaires_tex.pvr","colt_footbrawl_buenosaires_tex.pvr",
"GunSlingerCerroPorteno","GunSlingerCerroPorteno","LAML","icon_laml_cerroport",7,3,3,,,,,,49,,"TID_CERRO_PORTENO_COLT_SKIN","TID_CERRO_PORTENO_COLT_SKIN_SHOP","MODEL,TEXTURE",,,"colt_footbrawl_paraguay_tex.pvr","colt_footbrawl_paraguay_tex.pvr","colt_footbrawl_paraguay_tex.pvr","colt_footbrawl_paraguay_tex.pvr",
"GunSlingerAtlNacional","GunSlingerAtlNacional","LAML","icon_laml_atlnacional",7,3,3,,,,,,49,,"TID_ATL_NACIONAL_COLT_SKIN","TID_ATL_NACIONAL_COLT_SKIN_SHOP","MODEL,TEXTURE",,,"colt_footbrawl_medellin_tex.pvr","colt_footbrawl_medellin_tex.pvr","colt_footbrawl_medellin_tex.pvr","colt_footbrawl_medellin_tex.pvr",
"GunslingerClubAmerica","GunslingerClubAmerica","LAML","icon_laml_clubamerica",7,3,3,,,,,,49,,"TID_CLUB_AMERICA_COLT_SKIN","TID_CLUB_AMERICA_COLT_SKIN_SHOP","MODEL,TEXTURE",,,"colt_footbrawl_america_tex.pvr","colt_footbrawl_america_tex.pvr","colt_footbrawl_america_tex.pvr","colt_footbrawl_america_tex.pvr",
"UseMe2","BallDefault",,,,,,,,,,,,,,,,,,,,,,
"UseMe3","BallDefault",,,,,,,,,,,,,,,,,,,,,,
"UseMe4","BallDefault",,,,,,,,,,,,,,,,,,,,,,
"GunslingerTrueGold","GunslingerTrueGold","GOLD",,,,,,,,,,,25000,"TID_TRUE_GOLD_COLT_SKIN","TID_TRUE_GOLD_COLT_SKIN_SHOP","MODEL,TEXTURE",,"gold_materials.scw","colt_gold_tex.pvr","colt_gold_tex.pvr","colt_gold_tex.pvr","colt_gold_tex.pvr",
"GunslingerTrueSilver","GunslingerTrueSilver","SILVER",,,,,,,,,,,10000,"TID_TRUE_SILVER_COLT_SKIN","TID_TRUE_SILVER_COLT_SKIN_SHOP","MODEL,TEXTURE",,"silver_materials.scw","colt_silver_tex.pvr","colt_silver_tex.pvr","colt_silver_tex.pvr","colt_silver_tex.pvr",
"SpawnerDudeTrueGold","SpawnerDudeTrueGold","GOLD",,,,,,,"SpawnerDudeTurretTrueGold","SpawnerPetTrueGold",,,25000,"TID_TRUE_GOLD_MRP_SKIN","TID_TRUE_GOLD_MRP_SKIN_SHOP","MODEL,TEXTURE",,"gold_materials_clip.scw","mrp_gold_tex.pvr","mrp_gold_tex.pvr","mrp_gold_tex.pvr","mrp_gold_tex.pvr",
"SpawnerDudeTrueSilver","SpawnerDudeTrueSilver","SILVER",,,,,,,"SpawnerDudeTurretTrueSilver","SpawnerPetTrueSilver",,,10000,"TID_TRUE_SILVER_MRP_SKIN","TID_TRUE_SILVER_MRP_SKIN_SHOP","MODEL,TEXTURE",,"silver_materials_clip.scw","mrp_silver_tex.pvr","mrp_silver_tex.pvr","mrp_silver_tex.pvr","mrp_silver_tex.pvr",
"SpawnerPetTrueGold","SpawnerPetTrueGold",,,,,,,,,,,,,,,,,"gold_materials_clip.scw","mrp_spawner_gold_tex.pvr","mrp_spawner_gold_tex.pvr","mrp_spawner_gold_tex.pvr","mrp_spawner_gold_tex.pvr",
"SpawnerDudeTurretTrueGold","SpawnerDudeTurretTrueGold",,,,,,,,,,,,,,,,,"gold_materials_clip.scw","mrp_spawner_gold_tex.pvr","mrp_spawner_gold_tex.pvr","mrp_spawner_gold_tex.pvr","mrp_spawner_gold_tex.pvr",
"SpawnerPetTrueSilver","SpawnerPetTrueSilver",,,,,,,,,,,,,,,,,"silver_materials_clip.scw","mrp_spawner_silver_tex.pvr","mrp_spawner_silver_tex.pvr","mrp_spawner_silver_tex.pvr","mrp_spawner_silver_tex.pvr",
"SpawnerDudeTurretTrueSilver","SpawnerDudeTurretTrueSilver",,,,,,,,,,,,,,,,,"silver_materials_clip.scw","mrp_spawner_silver_tex.pvr","mrp_spawner_silver_tex.pvr","mrp_spawner_silver_tex.pvr","mrp_spawner_silver_tex.pvr",
"Trophy","Trophy",,,,,,,,,,,,,,,,,,"item_trophy.pvr","item_trophy.pvr",,,
"TrophyBlueRed","TrophyBlueRed",,,,,,,,,,,,,,,,,,"item_trophy_blue.pvr","item_trophy_red.pvr",,,
"Volleyball","Volleyball",,,,,,,,,,,,,,,,,,,,,,
"Basketball","Basketball",,,,,,,,,,,,,,,,,,,,,,
"DeadMariachiPunk","DeadMariachiPunk","PUNK",,,3,3,,,,,,149,,"TID_PUNK_POCO_SKIN","TID_PUNK_POCO_SKIN_SHOP","MODEL,TEXTURE,ANIM,VFX,SFX",,,,,,,
"RopeDudePunk","RopeDudePunk","BRAWLPASS_PUNK",,,7,7,,,,,,149,,"TID_PUNK_BUZZ_SKIN","TID_PUNK_BUZZ_SKIN_SHOP","MODEL,TEXTURE,ANIM,VFX,SFX",,,"buzz_punk_tex.pvr","buzz_punk_tex.pvr","buzz_punk_tex.pvr","buzz_punk_tex.pvr",
"BaseballWarrior","BaseballWarrior",,,,3,3,,,,,,49,,"TID_PUNK_BIBI_SKIN","TID_PUNK_BIBI_SKIN_SHOP","MODEL,TEXTURE",,,"bibi_warrior_tex.pvr","bibi_warrior_tex.pvr","bibi_warrior_tex.pvr","bibi_warrior_tex.pvr",
"RollerPunk","RollerPunk","PUNK",,,3,3,,,,,,49,,"TID_PUNK_STU_SKIN","TID_PUNK_STU_SKIN_SHOP","MODEL,TEXTURE",,,"stu_punk_tex.pvr","stu_punk_tex.pvr","stu_punk_tex.pvr","stu_punk_tex.pvr",
"ShamanSummer","ShamanSummer","SC_MAKE",,,3,3,,,"ShamanBearSummer",,,79,,"TID_WHALEWATCH_NITA_SKIN","TID_WHALEWATCH_NITA_SKIN_SHOP","MODEL,TEXTURE,ANIM,VFX,SFX","Beats, Francy, Inkastle and Fontys",,"nita_make_tex.pvr","nita_make_tex.pvr","nita_make_tex.pvr","nita_make_tex.pvr",
"ShamanBearSummer","ShamanBearSummer",,,,,,,,,,,,,,,,,,"nita_bear_make_tex.pvr","nita_bear_make_tex.pvr","nita_bear_make_tex.pvr","nita_bear_make_tex.pvr",
"CactusCoverDefault","CactusCoverDefault",,,,,,,,,,,,,,,,,,"spike_cactus_gadget_tex.pvr","spike_cactus_gadget_tex.pvr","spike_cactus_gadget_tex.pvr","spike_cactus_gadget_tex.pvr",
"NinjaInvisibleAreaDefault","NinjaInvisibleAreaDefault",,,,,,,,,,,,,,,,,,"leon_lollipop_gadget_tex.pvr","leon_lollipop_gadget_tex.pvr","leon_lollipop_gadget_tex.pvr","leon_lollipop_gadget_tex.pvr",
"BarrelBotMegabox","BarrelBotMegabox","C1A",,,4,4,,,,,,149,,"TID_MB_DARRYL_SKIN","TID_MB_DARRYL_SKIN_SHOP","MODEL,TEXTURE,ANIM,VFX",,,"darryl_megabox_tex.pvr","darryl_megabox_tex.pvr","darryl_megabox_tex.pvr","darryl_megabox_tex.pvr",
"StuDrums","StuDrumsDefault",,,,,,,,,,,,,,,,,,,,,,
