"Name","Disabled","FileName","ExportName","Character","Skin","IsPicto","BattleCategory","Rarity","EmoteType","SoundEffect","SfxIndex","LockedForChronos","EmoteBundle","IsDefaultBattleEmote"
"string","boolean","string","string","string","string","boolean","int","int","int","String","int","boolean","String","boolean"
"emoji_8bit",,"sc/ui.sc","emoji_8bit","Arcade",,TRUE,0,-1,0,"8bit_start_vo",0,,,
"emoji_8bit_angry",,"sc/ui.sc","emoji_8bit_angry","Arcade",,,3,0,3,"8bit_hurt_vo",0,,,
"emoji_8bit_gg",,"sc/ui.sc","emoji_8bit_gg","Arcade",,,4,1,5,"8bit_kill_vo",1,,,
"emoji_8bit_sad",,"sc/ui.sc","emoji_8bit_sad","Arcade",,,2,0,2,"8bit_die_vo",3,,,
"emoji_8bit_thanks",,"sc/ui.sc","emoji_8bit_thanks","Arcade",,,4,2,4,"8bit_kill_vo",2,,,
"emoji_angry",,"sc/ui.sc","emoji_angry",,,,3,-1,3,,,,,
"emoji_annoyed",,"sc/ui.sc","emoji_annoyed",,,,3,-1,3,,,,,
"emoji_barley",,"sc/ui.sc","emoji_barley","Barkeep",,TRUE,0,-1,0,"Barley_Die",1,,,
"emoji_barley_angry",,"sc/ui.sc","emoji_barley_angry","Barkeep",,,3,0,3,"Barley_Hurt",0,,,
"emoji_barley_gg",,"sc/ui.sc","emoji_barley_gg","Barkeep",,,4,1,5,"Barley_Start",0,,,
"emoji_barley_sad",,"sc/ui.sc","emoji_barley_sad","Barkeep",,,2,0,2,"Barley_Hurt",2,,,
"emoji_barley_thanks",,"sc/ui.sc","emoji_barley_thanks","Barkeep",,,4,2,4,"Barley_Start",3,,,
"emoji_bea",,"sc/ui.sc","emoji_bea","BeeSniper",,TRUE,0,-1,0,"Bea_Start_VO",3,,,
"emoji_bea_angry",,"sc/ui.sc","emoji_bea_angry","BeeSniper",,,3,0,3,"Bea_Hurt_VO",0,,,
"emoji_bea_gg",,"sc/ui.sc","emoji_bea_gg","BeeSniper",,,4,1,5,"Bea_Lead_VO",1,,,
"emoji_bea_sad",,"sc/ui.sc","emoji_bea_sad","BeeSniper",,,2,0,2,"Bea_Die_VO",1,,,
"emoji_bea_thanks",,"sc/ui.sc","emoji_bea_thanks","BeeSniper",,,4,2,4,"Bea_Lead_VO",2,,,
"emoji_bibi",,"sc/ui.sc","emoji_bibi","Baseball",,TRUE,0,-1,0,"Bibi_kill_vo",1,,,
"emoji_bibi_angry",,"sc/ui.sc","emoji_bibi_angry","Baseball",,,3,0,3,"Bibi_hurt_vo",1,,,
"emoji_bibi_gg",,"sc/ui.sc","emoji_bibi_gg","Baseball",,,4,1,5,"Bibi_kill_vo",3,,,
"emoji_bibi_sad",,"sc/ui.sc","emoji_bibi_sad","Baseball",,,2,0,2,"Bibi_die_vo",0,,,
"emoji_bibi_thanks",,"sc/ui.sc","emoji_bibi_thanks","Baseball",,,4,2,4,"Bibi_lead_vo",3,,,
"emoji_blank",,"sc/ui.sc","emoji_blank",,,,2,-1,2,,,,,
"emoji_bo",,"sc/ui.sc","emoji_bo","BowDude",,TRUE,0,-1,0,"Bo_ulti_vo",2,,,
"emoji_bo_angry",,"sc/ui.sc","emoji_bo_angry","BowDude",,,3,0,3,"Bo_hurt",3,,,
"emoji_bo_gg",,"sc/ui.sc","emoji_bo_gg","BowDude",,,4,1,5,"Bo_ulti_vo",0,,,
"emoji_bo_sad",,"sc/ui.sc","emoji_bo_sad","BowDude",,,2,0,2,"Bo_hurt",2,,,
"emoji_bo_thanks",,"sc/ui.sc","emoji_bo_thanks","BowDude",,,4,2,4,"Bo_start",0,,,
"emoji_bothered",,"sc/ui.sc","emoji_bothered",,,,6,-1,3,,,,,"TRUE"
"emoji_brock",,"sc/ui.sc","emoji_brock","RocketGirl",,TRUE,0,-1,0,"Brock_start_vo",2,,,
"emoji_brock_angry",,"sc/ui.sc","emoji_brock_angry","RocketGirl",,,3,0,3,"Brock_hurt_vo",4,,,
"emoji_brock_gg",,"sc/ui.sc","emoji_brock_gg","RocketGirl",,,4,1,5,"Brock_kill_vo",3,,,
"emoji_brock_sad",,"sc/ui.sc","emoji_brock_sad","RocketGirl",,,2,0,2,"Brock_hurt_vo",0,,,
"emoji_brock_thanks",,"sc/ui.sc","emoji_brock_thanks","RocketGirl",,,4,2,4,"Brock_start_vo",3,,,
"emoji_bull",,"sc/ui.sc","emoji_bull","BullDude",,TRUE,0,-1,0,"Bull_start",2,,,
"emoji_bull_angry",,"sc/ui.sc","emoji_bull_angry","BullDude",,,3,0,3,"Bull_ulti",2,,,
"emoji_bull_gg",,"sc/ui.sc","emoji_bull_gg","BullDude",,,4,1,5,"Bull_start",1,,,
"emoji_bull_sad",,"sc/ui.sc","emoji_bull_sad","BullDude",,,2,0,2,"Bull_die",3,,,
"emoji_bull_thanks",,"sc/ui.sc","emoji_bull_thanks","BullDude",,,4,2,4,"Bull_lead",0,,,
"emoji_carl",,"sc/ui.sc","emoji_carl","Whirlwind",,TRUE,0,-1,0,"Carl_start_vo",0,,,
"emoji_carl_angry",,"sc/ui.sc","emoji_carl_angry","Whirlwind",,,3,0,3,"Carl_hurt_vo",2,,,
"emoji_carl_gg",,"sc/ui.sc","emoji_carl_gg","Whirlwind",,,4,1,5,"Carl_start_vo",1,,,
"emoji_carl_sad",,"sc/ui.sc","emoji_carl_sad","Whirlwind",,,2,0,2,"Carl_die_vo",0,,,
"emoji_carl_thanks",,"sc/ui.sc","emoji_carl_thanks","Whirlwind",,,4,2,4,"Carl_start_vo",2,,,
"emoji_colt",,"sc/ui.sc","emoji_colt","Gunslinger",,TRUE,0,-1,0,"Hotshot_Start",1,,,
"emoji_colt_angry",,"sc/ui.sc","emoji_colt_angry","Gunslinger",,,3,0,3,"Hotshot_Takedamge_Vo",2,,,
"emoji_colt_gg",,"sc/ui.sc","emoji_colt_gg","Gunslinger",,,4,1,5,"Hotshot_Lead",4,,,
"emoji_colt_sad",,"sc/ui.sc","emoji_colt_sad","Gunslinger",,,2,0,2,"Hotshot_Takedamge_Vo",5,,,
"emoji_colt_thanks",,"sc/ui.sc","emoji_colt_thanks","Gunslinger",,,4,2,4,"Hotshot_Start",2,,,
"emoji_crow",,"sc/ui.sc","emoji_crow","Crow",,TRUE,0,-1,0,"Crow_Start",0,,,
"emoji_crow_angry",,"sc/ui.sc","emoji_crow_angry","Crow",,,3,0,3,"Crow_Takedamage",4,,,
"emoji_crow_gg",,"sc/ui.sc","emoji_crow_gg","Crow",,,4,1,5,"Crow_Kill",2,,,
"emoji_crow_sad",,"sc/ui.sc","emoji_crow_sad","Crow",,,2,0,2,"Crow_Takedamage",0,,,
"emoji_crow_thanks",,"sc/ui.sc","emoji_crow_thanks","Crow",,,4,2,4,"Crow_Lead",1,,,
"emoji_darryl",,"sc/ui.sc","emoji_darryl","BarrelBot",,TRUE,0,-1,0,"Darryl_Start_VO",3,,,
"emoji_darryl_angry",,"sc/ui.sc","emoji_darryl_angry","BarrelBot",,,3,0,3,"Darryl_Hurt_VO",5,,,
"emoji_darryl_gg",,"sc/ui.sc","emoji_darryl_gg","BarrelBot",,,4,1,5,"Darryl_Start_VO",4,,,
"emoji_darryl_sad",,"sc/ui.sc","emoji_darryl_sad","BarrelBot",,,2,0,2,"Darryl_Die_VO",5,,,
"emoji_darryl_thanks",,"sc/ui.sc","emoji_darryl_thanks","BarrelBot",,,4,2,4,"Darryl_Start_VO",6,,,
"emoji_dynamike",,"sc/ui.sc","emoji_dynamike","TntDude",,TRUE,0,-1,0,"Tnt_guy_start_vo",1,,,
"emoji_dynamike_angry",,"sc/ui.sc","emoji_dynamike_angry","TntDude",,,3,0,3,"Tnt_guy_hurt_vo",2,,,
"emoji_dynamike_gg",,"sc/ui.sc","emoji_dynamike_gg","TntDude",,,4,1,5,"Tnt_guy_start_vo",2,,,
"emoji_dynamike_sad",,"sc/ui.sc","emoji_dynamike_sad","TntDude",,,2,0,2,"Tnt_guy_hurt_vo",3,,,
"emoji_dynamike_thanks",,"sc/ui.sc","emoji_dynamike_thanks","TntDude",,,4,2,4,"Tnt_guy_lead_vo",0,,,
"emoji_ecstatic",,"sc/ui.sc","emoji_ecstatic",,,,1,-1,1,,,,,
"emoji_emz",,"sc/ui.sc","emoji_emz","Mummy",,TRUE,0,-1,0,"Emz_start_vo",1,,,
"emoji_emz_angry",,"sc/ui.sc","emoji_emz_angry","Mummy",,,3,0,3,"Emz_hurt_vo",3,,,
"emoji_emz_gg",,"sc/ui.sc","emoji_emz_gg","Mummy",,,4,1,5,"Emz_lead_vo",3,,,
"emoji_emz_sad",,"sc/ui.sc","emoji_emz_sad","Mummy",,,2,0,2,"Emz_hurt_vo",4,,,
"emoji_emz_thanks",,"sc/ui.sc","emoji_emz_thanks","Mummy",,,4,2,4,"Emz_lead_vo",2,,,
"emoji_frank",,"sc/ui.sc","emoji_frank","HammerDude",,TRUE,0,-1,0,"Frank_Gadget",0,,,
"emoji_frank_angry",,"sc/ui.sc","emoji_frank_angry","HammerDude",,,3,0,3,"Frank_vo",5,,,
"emoji_frank_gg",,"sc/ui.sc","emoji_frank_gg","HammerDude",,,4,1,5,"Frank_vo",2,,,
"emoji_frank_sad",,"sc/ui.sc","emoji_frank_sad","HammerDude",,,2,0,2,"Frank_vo",1,,,
"emoji_frank_thanks",,"sc/ui.sc","emoji_frank_thanks","HammerDude",,,4,2,4,"Frank_vo",2,,,
"emoji_frenzied",,"sc/ui.sc","emoji_frenzied",,,,3,-1,3,,,,,
"emoji_gene",,"sc/ui.sc","emoji_gene","HookDude",,TRUE,0,-1,0,"Gene_vo",2,,,
"emoji_gene_angry",,"sc/ui.sc","emoji_gene_angry","HookDude",,,3,0,3,"Gene_vo",4,,,
"emoji_gene_gg",,"sc/ui.sc","emoji_gene_gg","HookDude",,,4,1,5,"Gene_vo",6,,,
"emoji_gene_sad",,"sc/ui.sc","emoji_gene_sad","HookDude",,,2,0,2,"Gene_vo",12,,,
"emoji_gene_thanks",,"sc/ui.sc","emoji_gene_thanks","HookDude",,,4,2,4,"Gene_vo",9,,,
"emoji_grin",,"sc/ui.sc","emoji_grin",,,,1,-1,1,,,,,
"emoji_happy",,"sc/ui.sc","emoji_happy",,,,1,-1,1,,,,,"TRUE"
"emoji_jacky",,"sc/ui.sc","emoji_jacky","Driller",,TRUE,0,-1,0,"Jackie_Start_VO",0,,,
"emoji_jacky_angry",,"sc/ui.sc","emoji_jacky_angry","Driller",,,3,0,3,"Jackie_Die_VO",3,,,
"emoji_jacky_gg",,"sc/ui.sc","emoji_jacky_gg","Driller",,,4,1,5,"Jackie_Kill_VO",0,,,
"emoji_jacky_sad",,"sc/ui.sc","emoji_jacky_sad","Driller",,,2,0,2,"Jackie_Hurt_VO",0,,,
"emoji_jacky_thanks",,"sc/ui.sc","emoji_jacky_thanks","Driller",,,4,2,4,"Jackie_Ulti_VO",4,,,
"emoji_jessie",,"sc/ui.sc","emoji_jessie","Mechanic",,TRUE,0,-1,0,"Jess_start",3,,,
"emoji_jessie_angry",,"sc/ui.sc","emoji_jessie_angry","Mechanic",,,3,0,3,"Jess_takedamage",3,,,
"emoji_jessie_gg",,"sc/ui.sc","emoji_jessie_gg","Mechanic",,,4,1,5,"Jess_lead",3,,,
"emoji_jessie_sad",,"sc/ui.sc","emoji_jessie_sad","Mechanic",,,2,0,2,"Jess_die",3,,,
"emoji_jessie_thanks",,"sc/ui.sc","emoji_jessie_thanks","Mechanic",,,4,2,4,"Jess_ulti",2,,,
"emoji_laugh",,"sc/ui.sc","emoji_laugh",,,,5,-1,1,,,,,"TRUE"
"emoji_leon",,"sc/ui.sc","emoji_leon","Ninja",,TRUE,0,-1,0,"Leon_start_vo",2,,,
"emoji_leon_angry",,"sc/ui.sc","emoji_leon_angry","Ninja",,,3,0,3,"Leon_hurt_vo",3,,,
"emoji_leon_gg",,"sc/ui.sc","emoji_leon_gg","Ninja",,,4,1,5,"Leon_kill_vo",0,,,
"emoji_leon_sad",,"sc/ui.sc","emoji_leon_sad","Ninja",,,2,0,2,"Leon_die_vo",0,,,
"emoji_leon_thanks",,"sc/ui.sc","emoji_leon_thanks","Ninja",,,4,2,4,"Leon_ulti_vo",0,,,
"emoji_mortis",,"sc/ui.sc","emoji_mortis","Undertaker",,TRUE,0,-1,0,"Mortis_start",3,,,
"emoji_mortis_angry",,"sc/ui.sc","emoji_mortis_angry","Undertaker",,,3,0,3,"Mortis_hurt",2,,,
"emoji_mortis_gg",,"sc/ui.sc","emoji_mortis_gg","Undertaker",,,4,1,5,"Mortis_kill",3,,,
"emoji_mortis_sad",,"sc/ui.sc","emoji_mortis_sad","Undertaker",,,2,0,2,"Mortis_die",2,,,
"emoji_mortis_thanks",,"sc/ui.sc","emoji_mortis_thanks","Undertaker",,,4,2,4,"Mortis_ulti_vo",2,,,
"emoji_nita",,"sc/ui.sc","emoji_nita","Shaman",,TRUE,0,-1,0,"Nita_start",0,,,
"emoji_nita_angry",,"sc/ui.sc","emoji_nita_angry","Shaman",,,3,0,3,"Nita_hurt",1,,,
"emoji_nita_gg",,"sc/ui.sc","emoji_nita_gg","Shaman",,,4,1,5,"Nita_lead",1,,,
"emoji_nita_sad",,"sc/ui.sc","emoji_nita_sad","Shaman",,,2,0,2,"Nita_death",0,,,
"emoji_nita_thanks",,"sc/ui.sc","emoji_nita_thanks","Shaman",,,4,2,4,"Nita_ulti",1,,,
"emoji_pam",,"sc/ui.sc","emoji_pam","MinigunDude",,TRUE,0,-1,0,"Pam_start",2,,,
"emoji_pam_angry",,"sc/ui.sc","emoji_pam_angry","MinigunDude",,,3,0,3,"Pam_die",0,,,
"emoji_pam_gg",,"sc/ui.sc","emoji_pam_gg","MinigunDude",,,4,1,5,"Pam_ulti",1,,,
"emoji_pam_sad",,"sc/ui.sc","emoji_pam_sad","MinigunDude",,,2,0,2,"Pam_hurt",4,,,
"emoji_pam_thanks",,"sc/ui.sc","emoji_pam_thanks","MinigunDude",,,4,2,4,"Pam_start",3,,,
"emoji_penny",,"sc/ui.sc","emoji_penny","ArtilleryDude",,TRUE,0,-1,0,"Penny_start",0,,,
"emoji_penny_angry",,"sc/ui.sc","emoji_penny_angry","ArtilleryDude",,,3,0,3,"Penny_takedamage",0,,,
"emoji_penny_gg",,"sc/ui.sc","emoji_penny_gg","ArtilleryDude",,,4,1,5,"Penny_lead",0,,,
"emoji_penny_sad",,"sc/ui.sc","emoji_penny_sad","ArtilleryDude",,,2,0,2,"Penny_die",0,,,
"emoji_penny_thanks",,"sc/ui.sc","emoji_penny_thanks","ArtilleryDude",,,4,2,4,"Penny_takedamage",1,,,
"emoji_piper",,"sc/ui.sc","emoji_piper","Sniper",,TRUE,0,-1,0,"Piper_Start",0,,,
"emoji_piper_angry",,"sc/ui.sc","emoji_piper_angry","Sniper",,,3,0,3,"Piper_Takedamage",1,,,
"emoji_piper_gg",,"sc/ui.sc","emoji_piper_gg","Sniper",,,4,1,5,"Piper_Lead",0,,,
"emoji_piper_sad",,"sc/ui.sc","emoji_piper_sad","Sniper",,,2,0,2,"Piper_Die",1,,,
"emoji_piper_thanks",,"sc/ui.sc","emoji_piper_thanks","Sniper",,,4,2,4,"Piper_Kill",1,,,
"emoji_poco",,"sc/ui.sc","emoji_poco","DeadMariachi",,TRUE,0,-1,0,"Poco_start",3,,,
"emoji_poco_angry",,"sc/ui.sc","emoji_poco_angry","DeadMariachi",,,3,0,3,"Poco_die",1,,,
"emoji_poco_gg",,"sc/ui.sc","emoji_poco_gg","DeadMariachi",,,4,1,5,"Poco_lead",2,,,
"emoji_poco_sad",,"sc/ui.sc","emoji_poco_sad","DeadMariachi",,,2,0,2,"Poco_hurt",3,,,
"emoji_poco_thanks",,"sc/ui.sc","emoji_poco_thanks","DeadMariachi",,,4,2,4,"Poco_start",2,,,
"emoji_primo",,"sc/ui.sc","emoji_primo","Luchador",,TRUE,0,-1,0,"El_primo_start",1,,,
"emoji_primo_angry",,"sc/ui.sc","emoji_primo_angry","Luchador",,,3,0,3,"El_primo_hurt",3,,,
"emoji_primo_gg",,"sc/ui.sc","emoji_primo_gg","Luchador",,,4,1,5,"El_primo_kill",1,,,
"emoji_primo_sad",,"sc/ui.sc","emoji_primo_sad","Luchador",,,2,0,2,"El_primo_die",0,,,
"emoji_primo_thanks",,"sc/ui.sc","emoji_primo_thanks","Luchador",,,4,2,4,"El_primo_start",5,,,
"emoji_rage",,"sc/ui.sc","emoji_rage",,,,3,-1,3,,,,,"TRUE"
"emoji_rico",,"sc/ui.sc","emoji_rico","TrickshotDude",,TRUE,0,-1,0,"Rick_start",2,,,
"emoji_rico_angry",,"sc/ui.sc","emoji_rico_angry","TrickshotDude",,,3,0,3,"Rick_hurt",4,,,
"emoji_rico_gg",,"sc/ui.sc","emoji_rico_gg","TrickshotDude",,,4,1,5,"Rick_kill",5,,,
"emoji_rico_sad",,"sc/ui.sc","emoji_rico_sad","TrickshotDude",,,2,0,2,"Rick_die",0,,,
"emoji_rico_thanks",,"sc/ui.sc","emoji_rico_thanks","TrickshotDude",,,4,2,4,"Rick_start",4,,,
"emoji_rosa",,"sc/ui.sc","emoji_rosa","Rosa",,TRUE,0,-1,0,"Rosa_start",0,,,
"emoji_rosa_angry",,"sc/ui.sc","emoji_rosa_angry","Rosa",,,3,0,3,"Rosa_die",1,,,
"emoji_rosa_gg",,"sc/ui.sc","emoji_rosa_gg","Rosa",,,4,1,5,"Rosa_ulti_vo",0,,,
"emoji_rosa_sad",,"sc/ui.sc","emoji_rosa_sad","Rosa",,,2,0,2,"Rosa_die",2,,,
"emoji_rosa_thanks",,"sc/ui.sc","emoji_rosa_thanks","Rosa",,,4,2,4,"Rosa_lead",2,,,
"emoji_sad",,"sc/ui.sc","emoji_sad",,,,2,-1,2,,,,,"TRUE"
"emoji_sandy",,"sc/ui.sc","emoji_sandy","Sandstorm",,TRUE,0,-1,0,"Sandy_start_vo",0,,,
"emoji_sandy_angry",,"sc/ui.sc","emoji_sandy_angry","Sandstorm",,,3,0,3,"Sandy_hurt_vo",1,,,
"emoji_sandy_gg",,"sc/ui.sc","emoji_sandy_gg","Sandstorm",,,4,1,5,"Sandy_kill_vo",0,,,
"emoji_sandy_sad",,"sc/ui.sc","emoji_sandy_sad","Sandstorm",,,2,0,2,"Sandy_die_vo",2,,,
"emoji_sandy_thanks",,"sc/ui.sc","emoji_sandy_thanks","Sandstorm",,,4,2,4,"Sandy_kill_vo",1,,,
"emoji_shelly",,"sc/ui.sc","emoji_shelly","ShotgunGirl",,TRUE,0,-1,0,"Shelly_Start",3,,,
"emoji_shelly_angry",,"sc/ui.sc","emoji_shelly_angry","ShotgunGirl",,,3,0,3,"Shelly_Die",3,,,
"emoji_shelly_gg",,"sc/ui.sc","emoji_shelly_gg","ShotgunGirl",,,4,1,5,"Shelly_Lead",0,,,
"emoji_shelly_sad",,"sc/ui.sc","emoji_shelly_sad","ShotgunGirl",,,2,0,2,"Shelly_Die",0,,,
"emoji_shelly_thanks",,"sc/ui.sc","emoji_shelly_thanks","ShotgunGirl",,,4,2,4,"Shelly_Lead",3,,,
"emoji_shocked",,"sc/ui.sc","emoji_shocked",,,,2,-1,2,,,,,
"emoji_smile",,"sc/ui.sc","emoji_smile",,,,1,-1,1,,,,,"TRUE"
"emoji_speechless",,"sc/ui.sc","emoji_speechless",,,,2,-1,2,,,,,
"emoji_spike",,"sc/ui.sc","emoji_spike","Cactus",,TRUE,0,-1,0,,,,,
"emoji_spike_angry",,"sc/ui.sc","emoji_spike_angry","Cactus",,,3,0,3,,,,,
"emoji_spike_gg",,"sc/ui.sc","emoji_spike_gg","Cactus",,,4,1,5,,,,,
"emoji_spike_sad",,"sc/ui.sc","emoji_spike_sad","Cactus",,,2,0,2,,,,,
"emoji_spike_thanks",,"sc/ui.sc","emoji_spike_thanks","Cactus",,,4,2,4,,,,,
"emoji_sprout",,"sc/ui.sc","emoji_sprout","Wally",,TRUE,0,-1,0,"Sprout_Start_VO",0,,,
"emoji_sprout_angry",,"sc/ui.sc","emoji_sprout_angry","Wally",,,3,0,3,"Sprout_Die_VO",1,,,
"emoji_sprout_gg",,"sc/ui.sc","emoji_sprout_gg","Wally",,,4,1,5,"Sprout_Lead_VO",0,,,
"emoji_sprout_sad",,"sc/ui.sc","emoji_sprout_sad","Wally",,,2,0,2,"Sprout_Hurt_VO",2,,,
"emoji_sprout_thanks",,"sc/ui.sc","emoji_sprout_thanks","Wally",,,4,2,4,"Sprout_Start_VO",3,,,
"emoji_stunned",,"sc/ui.sc","emoji_stunned",,,,2,-1,2,,,,,
"emoji_tara",,"sc/ui.sc","emoji_tara","BlackHole",,TRUE,0,-1,0,"Tara_start_vo",0,,,
"emoji_tara_angry",,"sc/ui.sc","emoji_tara_angry","BlackHole",,,3,0,3,"Tara_hurt_vo",2,,,
"emoji_tara_gg",,"sc/ui.sc","emoji_tara_gg","BlackHole",,,4,1,5,"Tara_kill_vo",3,,,
"emoji_tara_sad",,"sc/ui.sc","emoji_tara_sad","BlackHole",,,2,0,2,"Tara_die_vo",1,,,
"emoji_tara_thanks",,"sc/ui.sc","emoji_tara_thanks","BlackHole",,,4,2,4,"Tara_lead_vo",0,,,
"emoji_thumbsdown",,"sc/ui.sc","emoji_thumbsdown",,,,4,-1,4,,,,,
"emoji_thumbsup",,"sc/ui.sc","emoji_thumbsup",,,,4,-1,4,,,,,
"emoji_tick",,"sc/ui.sc","emoji_tick","ClusterBombDude",,TRUE,0,-1,0,"Tick_vo_1",0,,,
"emoji_tick_angry",,"sc/ui.sc","emoji_tick_angry","ClusterBombDude",,,3,0,3,"Tick_vo_hurt",2,,,
"emoji_tick_gg",,"sc/ui.sc","emoji_tick_gg","ClusterBombDude",,,4,1,5,"Tick_vo_1",1,,,
"emoji_tick_sad",,"sc/ui.sc","emoji_tick_sad","ClusterBombDude",,,2,0,2,"Tick_vo_hurt",0,,,
"emoji_tick_thanks",,"sc/ui.sc","emoji_tick_thanks","ClusterBombDude",,,4,2,4,"Tick_vo_1",3,,,
"emoji_8bit_happy",,"sc/ui.sc","emoji_8bit_happy","Arcade",,,1,0,1,"8bit_lead_vo",0,,,
"emoji_barley_happy",,"sc/ui.sc","emoji_barley_happy","Barkeep",,,1,0,1,"Barley_Kill",2,,,
"emoji_bea_happy",,"sc/ui.sc","emoji_bea_happy","BeeSniper",,,1,0,1,"Bea_Kill_VO",0,,,
"emoji_bibi_happy",,"sc/ui.sc","emoji_bibi_happy","Baseball",,,1,0,1,"Bibi_lead_vo",0,,,
"emoji_bo_happy",,"sc/ui.sc","emoji_bo_happy","BowDude",,,1,0,1,"Bo_kill",0,,,
"emoji_brock_happy",,"sc/ui.sc","emoji_brock_happy","RocketGirl",,,1,0,1,"Brock_lead_vo",0,,,
"emoji_bull_happy",,"sc/ui.sc","emoji_bull_happy","BullDude",,,1,0,1,"Bull_kill",1,,,
"emoji_carl_happy",,"sc/ui.sc","emoji_carl_happy","Whirlwind",,,1,0,1,"Carl_ulti_vo",1,,,
"emoji_colt_happy",,"sc/ui.sc","emoji_colt_happy","Gunslinger",,,1,0,1,"Hotshot_Lead",3,,,
"emoji_crow_happy",,"sc/ui.sc","emoji_crow_happy","Crow",,,1,0,1,"Crow_Kill",0,,,
"emoji_darryl_happy",,"sc/ui.sc","emoji_darryl_happy","BarrelBot",,,1,0,1,"Darryl_Kill_VO",2,,,
"emoji_dynamike_happy",,"sc/ui.sc","emoji_dynamike_happy","TntDude",,,1,0,1,"Tnt_guy_kill_vo",2,,,
"emoji_emz_happy",,"sc/ui.sc","emoji_emz_happy","Mummy",,,1,0,1,"Emz_ulti_vo",0,,,
"emoji_frank_happy",,"sc/ui.sc","emoji_frank_happy","HammerDude",,,1,0,1,"Frank_vo",4,,,
"emoji_gene_happy",,"sc/ui.sc","emoji_gene_happy","HookDude",,,1,0,1,"Gene_vo",1,,,
"emoji_jacky_happy",,"sc/ui.sc","emoji_jacky_happy","Driller",,,1,0,1,"Jackie_Ulti_VO",1,,,
"emoji_jessie_happy",,"sc/ui.sc","emoji_jessie_happy","Mechanic",,,1,0,1,"Jess_kill",0,,,
"emoji_leon_happy",,"sc/ui.sc","emoji_leon_happy","Ninja",,,1,0,1,"Leon_kill_vo",1,,,
"emoji_mortis_happy",,"sc/ui.sc","emoji_mortis_happy","Undertaker",,,1,0,1,"Mortis_lead",2,,,
"emoji_nita_happy",,"sc/ui.sc","emoji_nita_happy","Shaman",,,1,0,1,"Nita_kill",1,,,
"emoji_pam_happy",,"sc/ui.sc","emoji_pam_happy","MinigunDude",,,1,0,1,"Pam_lead",0,,,
"emoji_penny_happy",,"sc/ui.sc","emoji_penny_happy","ArtilleryDude",,,1,0,1,"Penny_ulti",1,,,
"emoji_piper_happy",,"sc/ui.sc","emoji_piper_happy","Sniper",,,1,0,1,"Piper_Ulti",1,,,
"emoji_poco_happy",,"sc/ui.sc","emoji_poco_happy","DeadMariachi",,,1,0,1,"Poco_lead",0,,,
"emoji_primo_happy",,"sc/ui.sc","emoji_primo_happy","Luchador",,,1,0,1,"El_primo_lead",1,,,
"emoji_rico_happy",,"sc/ui.sc","emoji_rico_happy","TrickshotDude",,,1,0,1,"Rick_lead",0,,,
"emoji_rosa_happy",,"sc/ui.sc","emoji_rosa_happy","Rosa",,,1,0,1,"Rosa_kill",0,,,
"emoji_sandy_happy",,"sc/ui.sc","emoji_sandy_happy","Sandstorm",,,1,0,1,"Sandy_start_vo",5,,,
"emoji_shelly_happy",,"sc/ui.sc","emoji_shelly_happy","ShotgunGirl",,,1,0,1,"Shelly_Lead",3,,,
"emoji_spike_happy",,"sc/ui.sc","emoji_spike_happy","Cactus",,,1,0,1,,,,,
"emoji_sprout_happy",,"sc/ui.sc","emoji_sprout_happy","Wally",,,1,0,1,"Sprout_Start_VO",2,,,
"emoji_tara_happy",,"sc/ui.sc","emoji_tara_happy","BlackHole",,,1,0,1,"Tara_kill_vo",2,,,
"emoji_tick_happy",,"sc/ui.sc","emoji_tick_happy","ClusterBombDude",,,1,0,1,"Tick_vo_1",4,,,
"emoji_gale",,"sc/ui.sc","emoji_gale","Blower",,TRUE,0,-1,0,"Gale_Start_VO",0,,,
"emoji_gale_angry",,"sc/ui.sc","emoji_gale_angry","Blower",,,3,0,3,"Gale_Die_VO",0,,,
"emoji_gale_gg",,"sc/ui.sc","emoji_gale_gg","Blower",,,4,1,5,"Gale_Kill_VO",2,,,
"emoji_gale_happy",,"sc/ui.sc","emoji_gale_happy","Blower",,,1,0,1,"Gale_Kill_VO",0,,,
"emoji_gale_sad",,"sc/ui.sc","emoji_gale_sad","Blower",,,2,0,2,"Gale_Die_VO",4,,,
"emoji_gale_thanks",,"sc/ui.sc","emoji_gale_thanks","Blower",,,4,2,4,"Gale_Kill_VO",4,,,
"emoji_gale_trader",,"sc/ui.sc","emoji_gale_trader","Blower","BlowerTrader",TRUE,4,4,0,"Gale_Start_VO",0,,,
"emoji_gale_trader_angry",,"sc/ui.sc","emoji_gale_trader_angry","Blower","BlowerTrader",,4,4,3,"Gale_Die_VO",0,,,
"emoji_gale_trader_gg",,"sc/ui.sc","emoji_gale_trader_gg","Blower","BlowerTrader",,4,4,5,"Gale_Kill_VO",2,,,
"emoji_gale_trader_happy",,"sc/ui.sc","emoji_gale_trader_happy","Blower","BlowerTrader",,4,4,1,"Gale_Kill_VO",0,,,
"emoji_gale_trader_sad",,"sc/ui.sc","emoji_gale_trader_sad","Blower","BlowerTrader",,4,4,2,"Gale_Die_VO",4,,,
"emoji_gale_trader_thanks",,"sc/ui.sc","emoji_gale_trader_thanks","Blower","BlowerTrader",,4,4,4,"Gale_Kill_VO",4,,,
"emoji_nani",,"sc/ui.sc","emoji_nani","Controller",,TRUE,0,-1,0,"Nani_Start_VO",0,,,
"emoji_nani_angry",,"sc/ui.sc","emoji_nani_angry","Controller",,,3,0,3,"Nani_Hurt_VO",0,,,
"emoji_nani_gg",,"sc/ui.sc","emoji_nani_gg","Controller",,,4,1,5,"Nani_Lead_VO",2,,,
"emoji_nani_happy",,"sc/ui.sc","emoji_nani_happy","Controller",,,1,0,1,"Nani_Lead_VO",1,,,
"emoji_nani_sad",,"sc/ui.sc","emoji_nani_sad","Controller",,,2,0,2,"Nani_Hurt_VO",2,,,
"emoji_nani_thanks",,"sc/ui.sc","emoji_nani_thanks","Controller",,,4,2,4,"Nani_Lead_VO",0,,,
"emoji_8bit_phew",,"sc/ui.sc","emoji_8bit_phew","Arcade",,,4,2,6,"8bit_die_vo",2,,,
"emoji_barley_phew",,"sc/ui.sc","emoji_barley_phew","Barkeep",,,4,2,6,"Barley_Hurt",0,,,
"emoji_bea_phew",,"sc/ui.sc","emoji_bea_phew","BeeSniper",,,4,2,6,"Bea_Hurt_VO",4,,,
"emoji_bibi_phew",,"sc/ui.sc","emoji_bibi_phew","Baseball",,,4,2,6,"Bibi_die_vo",1,,,
"emoji_bo_phew",,"sc/ui.sc","emoji_bo_phew","BowDude",,,4,2,6,"Bo_hurt",0,,,
"emoji_brock_phew",,"sc/ui.sc","emoji_brock_phew","RocketGirl",,,4,2,6,"Brock_hurt_vo",2,,,
"emoji_bull_phew",,"sc/ui.sc","emoji_bull_phew","BullDude",,,4,2,6,"Bull_takedamage_vo",3,,,
"emoji_carl_phew",,"sc/ui.sc","emoji_carl_phew","Whirlwind",,,4,2,6,"Carl_hurt_vo",1,,,
"emoji_colt_phew",,"sc/ui.sc","emoji_colt_phew","Gunslinger",,,4,2,6,"Hotshot_Takedamge_Vo",6,,,
"emoji_crow_phew",,"sc/ui.sc","emoji_crow_phew","Crow",,,4,2,6,"Crow_Takedamage",1,,,
"emoji_darryl_phew",,"sc/ui.sc","emoji_darryl_phew","BarrelBot",,,4,2,6,"Darryl_Die_VO",1,,,
"emoji_dynamike_phew",,"sc/ui.sc","emoji_dynamike_phew","TntDude",,,4,2,6,"Tnt_guy_hurt_vo",0,,,
"emoji_emz_phew",,"sc/ui.sc","emoji_emz_phew","Mummy",,,4,2,6,"Emz_hurt_vo",0,,,
"emoji_frank_phew",,"sc/ui.sc","emoji_frank_phew","HammerDude",,,4,2,6,"Frank_vo",1,,,
"emoji_gale_phew",,"sc/ui.sc","emoji_gale_phew","Blower",,,4,2,6,"Gale_Hurt_VO",1,,,
"emoji_gale_trader_phew",,"sc/ui.sc","emoji_gale_trader_phew","Blower","BlowerTrader",,4,4,6,"Gale_Hurt_VO",1,,,
"emoji_gene_phew",,"sc/ui.sc","emoji_gene_phew","HookDude",,,4,2,6,"Gene_vo",2,,,
"emoji_jacky_phew",,"sc/ui.sc","emoji_jacky_phew","Driller",,,4,2,6,"Jackie_Hurt_VO",3,,,
"emoji_jessie_phew",,"sc/ui.sc","emoji_jessie_phew","Mechanic",,,4,2,6,"Jess_ulti",5,,,
"emoji_leon_phew",,"sc/ui.sc","emoji_leon_phew","Ninja",,,4,2,6,"Leon_hurt_vo",0,,,
"emoji_max_phew",,"sc/ui.sc","emoji_max_phew","Speedy",,,4,2,6,"Max_Hurt_VO",3,,,
"emoji_mortis_phew",,"sc/ui.sc","emoji_mortis_phew","Undertaker",,,4,2,6,"Mortis_lead",4,,,
"emoji_mrp_phew",,"sc/ui.sc","emoji_mrp_phew","SpawnerDude",,,4,2,6,"Mrp_Die_VO",2,,,
"emoji_nani_phew",,"sc/ui.sc","emoji_nani_phew","Controller",,,4,2,6,"Nani_Hurt_VO",5,,,
"emoji_nita_phew",,"sc/ui.sc","emoji_nita_phew","Shaman",,,4,2,6,"Nita_hurt",4,,,
"emoji_pam_phew",,"sc/ui.sc","emoji_pam_phew","MinigunDude",,,4,2,6,"Pam_die",2,,,
"emoji_penny_phew",,"sc/ui.sc","emoji_penny_phew","ArtilleryDude",,,4,2,6,"Penny_takedamage",2,,,
"emoji_piper_phew",,"sc/ui.sc","emoji_piper_phew","Sniper",,,4,2,6,"Piper_Takedamage",4,,,
"emoji_poco_phew",,"sc/ui.sc","emoji_poco_phew","DeadMariachi",,,4,2,6,"Poco_hurt",0,,,
"emoji_primo_phew",,"sc/ui.sc","emoji_primo_phew","Luchador",,,4,2,6,"El_primo_lead",2,,,
"emoji_rico_phew",,"sc/ui.sc","emoji_rico_phew","TrickshotDude",,,4,2,6,"Rick_hurt",3,,,
"emoji_rosa_phew",,"sc/ui.sc","emoji_rosa_phew","Rosa",,,4,2,6,"Rosa_hurt",2,,,
"emoji_sandy_phew",,"sc/ui.sc","emoji_sandy_phew","Sandstorm",,,4,2,6,"Sandy_hurt_vo",3,,,
"emoji_shelly_phew",,"sc/ui.sc","emoji_shelly_phew","ShotgunGirl",,,4,2,6,"Shelly_Kill",3,,,
"emoji_spike_phew",,"sc/ui.sc","emoji_spike_phew","Cactus",,,4,2,6,,,,,
"emoji_sprout_phew",,"sc/ui.sc","emoji_sprout_phew","Wally",,,4,2,6,"Sprout_Hurt_VO",2,,,
"emoji_tara_phew",,"sc/ui.sc","emoji_tara_phew","BlackHole",,,4,2,6,"Tara_kill_vo",1,,,
"emoji_tick_phew",,"sc/ui.sc","emoji_tick_phew","ClusterBombDude",,,4,2,6,"Tick_vo_hurt",2,,,
"emoji_carl_special",,"sc/ui.sc","emoji_carl_special","Whirlwind",,,4,2,7,"Carl_start_vo",5,,,
"emoji_colt_special",,"sc/ui.sc","emoji_colt_special","Gunslinger",,,4,2,7,"Hotshot_Ulti",0,,,
"emoji_emz_special",,"sc/ui.sc","emoji_emz_special","Mummy",,,4,2,7,"Emz_lead_vo",1,,,
"emoji_poco_special",,"sc/ui.sc","emoji_poco_special","DeadMariachi",,,4,2,7,"Poco_ulti_vo",1,,,
"emoji_sandy_special",,"sc/ui.sc","emoji_sandy_special","Sandstorm",,,4,2,7,"Sandy_ulti_vo",0,,,
"emoji_tara_special",,"sc/ui.sc","emoji_tara_special","BlackHole",,,4,2,7,"Tara_lead_vo",2,,,
"emoji_max",,"sc/ui.sc","emoji_max","Speedy",,TRUE,0,-1,0,"Max_Start_VO",0,,,
"emoji_max_angry",,"sc/ui.sc","emoji_max_angry","Speedy",,,3,0,3,"Max_Hurt_VO",1,,,
"emoji_max_gg",,"sc/ui.sc","emoji_max_gg","Speedy",,,4,1,5,"Max_Lead_VO",2,,,
"emoji_max_happy",,"sc/ui.sc","emoji_max_happy","Speedy",,,1,0,1,"Max_Kill_VO",2,,,
"emoji_max_sad",,"sc/ui.sc","emoji_max_sad","Speedy",,,2,0,2,"Max_Die_VO",1,,,
"emoji_max_thanks",,"sc/ui.sc","emoji_max_thanks","Speedy",,,4,2,4,"Max_Ulti_VO",1,,,
"emoji_mrp",,"sc/ui.sc","emoji_mrp","SpawnerDude",,TRUE,0,-1,0,"Mrp_Lead_VO",1,,,
"emoji_mrp_angry",,"sc/ui.sc","emoji_mrp_angry","SpawnerDude",,,3,0,3,"Mrp_Die_VO",1,,,
"emoji_mrp_gg",,"sc/ui.sc","emoji_mrp_gg","SpawnerDude",,,4,1,5,"Mrp_Kill_VO",0,,,
"emoji_mrp_happy",,"sc/ui.sc","emoji_mrp_happy","SpawnerDude",,,1,0,1,"Mrp_Lead_VO",0,,,
"emoji_mrp_sad",,"sc/ui.sc","emoji_mrp_sad","SpawnerDude",,,2,0,2,"Mrp_Hurt_VO",0,,,
"emoji_mrp_thanks",,"sc/ui.sc","emoji_mrp_thanks","SpawnerDude",,,4,2,4,"Mrp_Lead_VO",2,,,
"emoji_surge",,"sc/ui.sc","emoji_surge","PowerLeveler",,TRUE,0,-1,0,"Surge_Start_VO",5,,,
"emoji_surge_angry",,"sc/ui.sc","emoji_surge_angry","PowerLeveler",,,3,0,3,"Surge_Hurt_VO",4,,,
"emoji_surge_gg",,"sc/ui.sc","emoji_surge_gg","PowerLeveler",,,4,1,5,"Surge_Lead_VO",0,,,
"emoji_surge_happy",,"sc/ui.sc","emoji_surge_happy","PowerLeveler",,,1,0,1,"Surge_Kill_VO",0,,,
"emoji_surge_paladin",,"sc/ui.sc","emoji_surge_paladin","PowerLeveler","PowerLevelerKnight",TRUE,4,4,0,"Surge_Start_VO",5,,,
"emoji_surge_paladin_angry",,"sc/ui.sc","emoji_surge_paladin_angry","PowerLeveler","PowerLevelerKnight",,4,4,3,"Surge_Hurt_VO",4,,,
"emoji_surge_paladin_gg",,"sc/ui.sc","emoji_surge_paladin_gg","PowerLeveler","PowerLevelerKnight",,4,4,5,"Surge_Lead_VO",0,,,
"emoji_surge_paladin_happy",,"sc/ui.sc","emoji_surge_paladin_happy","PowerLeveler","PowerLevelerKnight",,4,4,1,"Surge_Kill_VO",0,,,
"emoji_surge_paladin_phew",,"sc/ui.sc","emoji_surge_paladin_phew","PowerLeveler","PowerLevelerKnight",,4,4,6,"Surge_Hurt_VO",0,,,
"emoji_surge_paladin_sad",,"sc/ui.sc","emoji_surge_paladin_sad","PowerLeveler","PowerLevelerKnight",,4,4,2,"Surge_Die_VO",2,,,
"emoji_surge_paladin_special",,"sc/ui.sc","emoji_surge_paladin_special","PowerLeveler","PowerLevelerKnight",,4,4,7,"Surge_Start_VO",0,,,
"emoji_surge_paladin_thanks",,"sc/ui.sc","emoji_surge_paladin_thanks","PowerLeveler","PowerLevelerKnight",,4,4,4,"Surge_Start_VO",2,,,
"emoji_surge_phew",,"sc/ui.sc","emoji_surge_phew","PowerLeveler",,,4,2,6,"Surge_Hurt_VO",0,,,
"emoji_surge_sad",,"sc/ui.sc","emoji_surge_sad","PowerLeveler",,,2,0,2,"Surge_Die_VO",2,,,
"emoji_surge_special",,"sc/ui.sc","emoji_surge_special","PowerLeveler",,,4,2,7,"Surge_Start_VO",0,,,
"emoji_surge_thanks",,"sc/ui.sc","emoji_surge_thanks","PowerLeveler",,,4,2,4,"Surge_Start_VO",2,,,
"emoji_colette",,"sc/ui.sc","emoji_colette","Percenter",,TRUE,0,-1,0,"Colette_Start_VO",2,,,
"emoji_colette_angry",,"sc/ui.sc","emoji_colette_angry","Percenter",,,3,0,3,"Colette_Kill_VO",2,,,
"emoji_colette_gg",,"sc/ui.sc","emoji_colette_gg","Percenter",,,4,1,5,"Colette_Lead_VO",0,,,
"emoji_colette_happy",,"sc/ui.sc","emoji_colette_happy","Percenter",,,1,0,1,"Colette_Kill_VO",1,,,
"emoji_colette_phew",,"sc/ui.sc","emoji_colette_phew","Percenter",,,4,2,6,"Colette_Hurt_VO",1,,,
"emoji_colette_sad",,"sc/ui.sc","emoji_colette_sad","Percenter",,,2,0,2,"Colette_Hurt_VO",4,,,
"emoji_colette_thanks",,"sc/ui.sc","emoji_colette_thanks","Percenter",,,4,2,4,"Colette_Die_VO",1,,,
"emoji_colette_trixie",,"sc/ui.sc","emoji_colette_trixie","Percenter","PercenterTrixie",TRUE,4,4,0,"Colette_Start_VO",2,,,
"emoji_colette_trixie_angry",,"sc/ui.sc","emoji_colette_trixie_angry","Percenter","PercenterTrixie",,4,4,3,"Colette_Kill_VO",2,,,
"emoji_colette_trixie_gg",,"sc/ui.sc","emoji_colette_trixie_gg","Percenter","PercenterTrixie",,4,4,5,"Colette_Lead_VO",0,,,
"emoji_colette_trixie_happy",,"sc/ui.sc","emoji_colette_trixie_happy","Percenter","PercenterTrixie",,4,4,1,"Colette_Kill_VO",1,,,
"emoji_colette_trixie_phew",,"sc/ui.sc","emoji_colette_trixie_phew","Percenter","PercenterTrixie",,4,4,6,"Colette_Hurt_VO",1,,,
"emoji_colette_trixie_sad",,"sc/ui.sc","emoji_colette_trixie_sad","Percenter","PercenterTrixie",,4,4,2,"Colette_Hurt_VO",4,,,
"emoji_colette_trixie_special",,"sc/ui.sc","emoji_colette_trixie_special","Percenter","PercenterTrixie",,4,4,7,"Colette_Lead_VO",1,,,
"emoji_colette_trixie_thanks",,"sc/ui.sc","emoji_colette_trixie_thanks","Percenter","PercenterTrixie",,4,4,4,"Colette_Die_VO",1,,,
"emoji_amber",,"sc/ui.sc","emoji_amber","FireDude",,TRUE,0,-1,0,"Amber_Start_VO",0,,,
"emoji_amber_angry",,"sc/ui.sc","emoji_amber_angry","FireDude",,,3,0,3,"Amber_Hurt_VO",0,,,
"emoji_amber_gg",,"sc/ui.sc","emoji_amber_gg","FireDude",,,4,1,5,"Amber_Start_VO",5,,,
"emoji_amber_happy",,"sc/ui.sc","emoji_amber_happy","FireDude",,,1,0,1,"Amber_Kill_VO",2,,,
"emoji_amber_phew",,"sc/ui.sc","emoji_amber_phew","FireDude",,,4,2,6,"Amber_Hurt_VO",4,,,
"emoji_amber_sad",,"sc/ui.sc","emoji_amber_sad","FireDude",,,2,0,2,"Amber_Hurt_VO",1,,,
"emoji_amber_special",,"sc/ui.sc","emoji_amber_special","FireDude",,,4,2,7,"Amber_Ulti_VO",2,,,
"emoji_amber_thanks",,"sc/ui.sc","emoji_amber_thanks","FireDude",,,4,2,4,"Amber_Lead_VO",4,,,
"emoji_champie",,"sc/ui.sc","emoji_champie",,,,1,4,7,,,,"WorldFinals",
"emoji_champie_angry",,"sc/ui.sc","emoji_champie_angry",,,,3,4,7,,,,"WorldFinals",
"emoji_champie_gg",,"sc/ui.sc","emoji_champie_gg",,,,4,4,7,,,,,
"emoji_champie_happy",,"sc/ui.sc","emoji_champie_happy",,,,1,4,7,,,,"WorldFinals",
"emoji_champie_phew",,"sc/ui.sc","emoji_champie_phew",,,,4,4,7,,,,"WorldFinals",
"emoji_champie_sad",,"sc/ui.sc","emoji_champie_sad",,,,2,4,7,,,,"WorldFinals",
"emoji_champie_special",,"sc/ui.sc","emoji_champie_special",,,,4,4,7,,,,,
"emoji_champie_thanks",,"sc/ui.sc","emoji_champie_thanks",,,,4,4,7,,,,,
"emoji_rosa_halloween",,"sc/ui.sc","emoji_rosa_halloween","Rosa","RosaRosaBrawloween",TRUE,4,4,0,,,,"RosalloweenChallenge",
"emoji_rosa_halloween_angry",,"sc/ui.sc","emoji_rosa_halloween_angry","Rosa","RosaRosaBrawloween",,4,4,3,,,,"Rosalloween",
"emoji_rosa_halloween_gg",,"sc/ui.sc","emoji_rosa_halloween_gg","Rosa","RosaRosaBrawloween",,4,4,5,,,,"Rosalloween",
"emoji_rosa_halloween_happy",,"sc/ui.sc","emoji_rosa_halloween_happy","Rosa","RosaRosaBrawloween",,4,4,1,,,,"Rosalloween",
"emoji_rosa_halloween_phew",,"sc/ui.sc","emoji_rosa_halloween_phew","Rosa","RosaRosaBrawloween",,4,4,6,,,,"Rosalloween",
"emoji_rosa_halloween_sad",,"sc/ui.sc","emoji_rosa_halloween_sad","Rosa","RosaRosaBrawloween",,4,4,2,,,,"Rosalloween",
"emoji_rosa_halloween_special",,"sc/ui.sc","emoji_rosa_halloween_special","Rosa","RosaRosaBrawloween",,4,4,7,,,,"RosalloweenChallenge",
"emoji_rosa_halloween_thanks",,"sc/ui.sc","emoji_rosa_halloween_thanks","Rosa","RosaRosaBrawloween",,4,4,4,,,,"RosalloweenChallenge",
"emoji_lou",,"sc/ui.sc","emoji_lou","IceDude",,TRUE,0,-1,0,"Lou_Start_VO",0,,,
"emoji_lou_angry",,"sc/ui.sc","emoji_lou_angry","IceDude",,,3,0,3,"Lou_Hurt_VO",3,,,
"emoji_lou_gg",,"sc/ui.sc","emoji_lou_gg","IceDude",,,4,1,5,"Lou_Kill_VO",5,,,
"emoji_lou_happy",,"sc/ui.sc","emoji_lou_happy","IceDude",,,1,0,1,"Lou_Kill_VO",0,,,
"emoji_lou_king",,"sc/ui.sc","emoji_lou_king","IceDude","IceDudeKing",TRUE,4,4,0,"Lou_Start_VO",0,,,
"emoji_lou_king_angry",,"sc/ui.sc","emoji_lou_king_angry","IceDude","IceDudeKing",,4,4,3,"Lou_Hurt_VO",3,,,
"emoji_lou_king_gg",,"sc/ui.sc","emoji_lou_king_gg","IceDude","IceDudeKing",,4,4,5,"Lou_Kill_VO",5,,,
"emoji_lou_king_happy",,"sc/ui.sc","emoji_lou_king_happy","IceDude","IceDudeKing",,4,4,1,"Lou_Kill_VO",0,,,
"emoji_lou_king_phew",,"sc/ui.sc","emoji_lou_king_phew","IceDude","IceDudeKing",,4,4,6,"Lou_Hurt_VO",1,,,
"emoji_lou_king_sad",,"sc/ui.sc","emoji_lou_king_sad","IceDude","IceDudeKing",,4,4,2,"Lou_Die_VO",2,,,
"emoji_lou_king_special",,"sc/ui.sc","emoji_lou_king_special","IceDude","IceDudeKing",,4,4,7,"Lou_Ulti_VO",4,,,
"emoji_lou_king_thanks",,"sc/ui.sc","emoji_lou_king_thanks","IceDude","IceDudeKing",,4,4,4,"Lou_Kill_VO",3,,,
"emoji_lou_phew",,"sc/ui.sc","emoji_lou_phew","IceDude",,,4,2,6,"Lou_Hurt_VO",1,,,
"emoji_lou_sad",,"sc/ui.sc","emoji_lou_sad","IceDude",,,2,0,2,"Lou_Die_VO",2,,,
"emoji_lou_special",,"sc/ui.sc","emoji_lou_special","IceDude",,,4,2,7,"Lou_Ulti_VO",4,,,
"emoji_lou_thanks",,"sc/ui.sc","emoji_lou_thanks","IceDude",,,4,2,4,"Lou_Kill_VO",3,,,
"emoji_nani_special",,"sc/ui.sc","emoji_nani_special","Controller",,,4,2,7,"Nani_Kill_VO",0,,,
"emoji_brawlmas",,"sc/ui.sc","emoji_brawlmas",,,,1,4,7,,,,"BrawlMasPack",
"emoji_brawlmas_angry",,"sc/ui.sc","emoji_brawlmas_angry",,,,3,4,7,,,,"BrawlMasGift",
"emoji_brawlmas_gg",,"sc/ui.sc","emoji_brawlmas_gg",,,,4,4,7,,,,"BrawlMasPack",
"emoji_brawlmas_happy",,"sc/ui.sc","emoji_brawlmas_happy",,,,1,4,7,,,,"BrawlMasGift",
"emoji_brawlmas_phew",,"sc/ui.sc","emoji_brawlmas_phew",,,,4,4,7,,,,"BrawlMasPack",
"emoji_brawlmas_sad",,"sc/ui.sc","emoji_brawlmas_sad",,,,2,4,7,,,,"BrawlMasGift",
"emoji_brawlmas_special",,"sc/ui.sc","emoji_brawlmas_special",,,,4,4,7,,,,"BrawlMasPack",
"emoji_brawlmas_thanks",,"sc/ui.sc","emoji_brawlmas_thanks",,,,4,4,7,,,,"BrawlMasPack",
"emoji_edgar",,"sc/ui.sc","emoji_edgar","Enrager",,TRUE,0,-1,0,"Edgar_Start_VO",4,,,
"emoji_edgar_angry",,"sc/ui.sc","emoji_edgar_angry","Enrager",,,3,0,3,"Edgar_Die_VO",0,,,
"emoji_edgar_gg",,"sc/ui.sc","emoji_edgar_gg","Enrager",,,4,1,5,"Edgar_Kill_VO",1,,,
"emoji_edgar_happy",,"sc/ui.sc","emoji_edgar_happy","Enrager",,,1,0,1,"Edgar_Kill_VO",0,,,
"emoji_edgar_phew",,"sc/ui.sc","emoji_edgar_phew","Enrager",,,4,2,6,"Edgar_Die_VO",1,,,
"emoji_edgar_sad",,"sc/ui.sc","emoji_edgar_sad","Enrager",,,2,0,2,"Edgar_Hurt_VO",0,,,
"emoji_edgar_special",,"sc/ui.sc","emoji_edgar_special","Enrager",,,4,2,7,"Edgar_Lead_VO",1,,,
"emoji_edgar_thanks",,"sc/ui.sc","emoji_edgar_thanks","Enrager",,,4,2,4,"Edgar_Lead_VO",3,,,
"emoji_byron",,"sc/ui.sc","emoji_byron","SnakeOil",,TRUE,0,-1,0,"Snakeoil_Start_VO",0,,,
"emoji_byron_angry",,"sc/ui.sc","emoji_byron_angry","SnakeOil",,,3,0,3,"Snakeoil_Hurt_VO",1,,,
"emoji_byron_gg",,"sc/ui.sc","emoji_byron_gg","SnakeOil",,,4,1,5,"Snakeoil_Start_VO",3,,,
"emoji_byron_happy",,"sc/ui.sc","emoji_byron_happy","SnakeOil",,,1,0,1,"Snakeoil_Lead_VO",2,,,
"emoji_byron_phew",,"sc/ui.sc","emoji_byron_phew","SnakeOil",,,4,2,6,"Snakeoil_Die_VO",2,,,
"emoji_byron_sad",,"sc/ui.sc","emoji_byron_sad","SnakeOil",,,2,0,2,"Snakeoil_Die_VO",3,,,
"emoji_byron_special",,"sc/ui.sc","emoji_byron_special","SnakeOil",,,4,2,7,"Snakeoil_Ulti_VO",1,,,
"emoji_byron_thanks",,"sc/ui.sc","emoji_byron_thanks","SnakeOil",,,4,2,4,"Snakeoil_Start_VO",4,,,
"emoji_ruffs",,"sc/ui.sc","emoji_ruffs","Ruffs",,TRUE,0,-1,0,"Ruff_Start_VO",3,,,
"emoji_ruffs_angry",,"sc/ui.sc","emoji_ruffs_angry","Ruffs",,,3,0,3,"Ruff_Hurt_VO",5,,,
"emoji_ruffs_gg",,"sc/ui.sc","emoji_ruffs_gg","Ruffs",,,4,1,5,"Ruff_Lead_VO",2,,,
"emoji_ruffs_happy",,"sc/ui.sc","emoji_ruffs_happy","Ruffs",,,1,0,1,"Ruff_Kill_VO",5,,,
"emoji_ruffs_phew",,"sc/ui.sc","emoji_ruffs_phew","Ruffs",,,4,2,6,"Ruff_Hurt_VO",7,,,
"emoji_ruffs_sad",,"sc/ui.sc","emoji_ruffs_sad","Ruffs",,,2,0,2,"Ruff_Die_VO",7,,,
"emoji_ruffs_special",,"sc/ui.sc","emoji_ruffs_special","Ruffs",,,4,2,7,"Ruff_Ulti_VO",2,,,
"emoji_ruffs_thanks",,"sc/ui.sc","emoji_ruffs_thanks","Ruffs",,,4,2,4,"Ruff_Lead_VO",3,,,
"emoji_ruffs_ronin",,"sc/ui.sc","emoji_ruffs_ronin","Ruffs","RuffsRonin",TRUE,4,4,0,"Ruff_Start_VO",3,,,
"emoji_ruffs_ronin_angry",,"sc/ui.sc","emoji_ruffs_ronin_angry","Ruffs","RuffsRonin",,4,4,3,"Ruff_Hurt_VO",5,,,
"emoji_ruffs_ronin_gg",,"sc/ui.sc","emoji_ruffs_ronin_gg","Ruffs","RuffsRonin",,4,4,5,"Ruff_Lead_VO",2,,,
"emoji_ruffs_ronin_happy",,"sc/ui.sc","emoji_ruffs_ronin_happy","Ruffs","RuffsRonin",,4,4,1,"Ruff_Kill_VO",5,,,
"emoji_ruffs_ronin_phew",,"sc/ui.sc","emoji_ruffs_ronin_phew","Ruffs","RuffsRonin",,4,4,6,"Ruff_Hurt_VO",8,,,
"emoji_ruffs_ronin_sad",,"sc/ui.sc","emoji_ruffs_ronin_sad","Ruffs","RuffsRonin",,4,4,2,"Ruff_Die_VO",7,,,
"emoji_ruffs_ronin_special",,"sc/ui.sc","emoji_ruffs_ronin_special","Ruffs","RuffsRonin",,4,4,7,"Ruff_Ulti_VO",2,,,
"emoji_ruffs_ronin_thanks",,"sc/ui.sc","emoji_ruffs_ronin_thanks","Ruffs","RuffsRonin",,4,4,4,"Ruff_Lead_VO",3,,,
"emoji_lny",,"sc/ui.sc","emoji_lny",,,,1,4,7,,,,"LunarBrawl21",
"emoji_lny_angry",,"sc/ui.sc","emoji_lny_angry",,,,3,4,7,,,,"LunarBrawl21",
"emoji_lny_gg",,"sc/ui.sc","emoji_lny_gg",,,,4,4,7,,,,,
"emoji_lny_happy",,"sc/ui.sc","emoji_lny_happy",,,,1,4,7,,,,"LunarBrawl21",
"emoji_lny_special",,"sc/ui.sc","emoji_lny_special",,,,4,4,7,,,,"LunarBrawl21",
"emoji_lny_thanks",,"sc/ui.sc","emoji_lny_thanks",,,,4,4,7,,,,"LunarBrawl21",
"emoji_stu",,"sc/ui.sc","emoji_stu","Roller",,TRUE,0,-1,0,,,,,
"emoji_stu_angry",,"sc/ui.sc","emoji_stu_angry","Roller",,,3,0,3,,,,,
"emoji_stu_gg",,"sc/ui.sc","emoji_stu_gg","Roller",,,4,1,5,,,,,
"emoji_stu_happy",,"sc/ui.sc","emoji_stu_happy","Roller",,,1,0,1,,,,,
"emoji_stu_phew",,"sc/ui.sc","emoji_stu_phew","Roller",,,4,2,6,,,,,
"emoji_stu_sad",,"sc/ui.sc","emoji_stu_sad","Roller",,,2,0,2,,,,,
"emoji_stu_special",,"sc/ui.sc","emoji_stu_special","Roller",,,4,2,7,,,,,
"emoji_stu_thanks",,"sc/ui.sc","emoji_stu_thanks","Roller",,,4,2,4,,,,,
"emoji_belle",,"sc/ui.sc","emoji_belle","ElectroSniper",,TRUE,0,-1,0,"Belle_Start_VO",2,,,
"emoji_belle_angry",,"sc/ui.sc","emoji_belle_angry","ElectroSniper",,,3,0,3,"Belle_Die_VO",2,"TRUE",,
"emoji_belle_gg",,"sc/ui.sc","emoji_belle_gg","ElectroSniper",,,4,1,5,"Belle_Lead_VO",4,"TRUE",,
"emoji_belle_happy",,"sc/ui.sc","emoji_belle_happy","ElectroSniper",,,1,0,1,"Belle_Lead_VO",8,"TRUE",,
"emoji_belle_phew",,"sc/ui.sc","emoji_belle_phew","ElectroSniper",,,4,2,6,"Belle_Hurt_VO",5,"TRUE",,
"emoji_belle_sad",,"sc/ui.sc","emoji_belle_sad","ElectroSniper",,,2,0,2,"Belle_Hurt_VO",4,"TRUE",,
"emoji_belle_special",,"sc/ui.sc","emoji_belle_special","ElectroSniper",,,4,2,7,"Belle_Lead_VO",1,"TRUE",,
"emoji_belle_thanks",,"sc/ui.sc","emoji_belle_thanks","ElectroSniper",,,4,2,4,"Belle_Ulti_VO",4,"TRUE",,
"emoji_belle_boss",,"sc/ui.sc","emoji_belle_boss","ElectroSniper","ElectroSniperBoss",TRUE,4,4,0,"Belle_Start_VO",2,,,
"emoji_belle_boss_angry",,"sc/ui.sc","emoji_belle_boss_angry","ElectroSniper","ElectroSniperBoss",,4,4,3,"Belle_Die_VO",2,,,
"emoji_belle_boss_gg",,"sc/ui.sc","emoji_belle_boss_gg","ElectroSniper","ElectroSniperBoss",,4,4,5,"Belle_Lead_VO",4,,,
"emoji_belle_boss_happy",,"sc/ui.sc","emoji_belle_boss_happy","ElectroSniper","ElectroSniperBoss",,4,4,1,"Belle_Lead_VO",8,,,
"emoji_belle_boss_phew",,"sc/ui.sc","emoji_belle_boss_phew","ElectroSniper","ElectroSniperBoss",,4,4,6,"Belle_Hurt_VO",5,,,
"emoji_belle_boss_sad",,"sc/ui.sc","emoji_belle_boss_sad","ElectroSniper","ElectroSniperBoss",,4,4,2,"Belle_Hurt_VO",4,,,
"emoji_belle_boss_special",,"sc/ui.sc","emoji_belle_boss_special","ElectroSniper","ElectroSniperBoss",,4,4,7,"Belle_Lead_VO",1,,,
"emoji_belle_boss_thanks",,"sc/ui.sc","emoji_belle_boss_thanks","ElectroSniper","ElectroSniperBoss",,4,4,4,"Belle_Ulti_VO",4,,,
"emoji_squeak",,"sc/ui.sc","emoji_squeak","StickyBomb",,TRUE,0,-1,0,,,,,
"emoji_squeak_angry",,"sc/ui.sc","emoji_squeak_angry","StickyBomb",,,3,0,3,,,,,
"emoji_squeak_gg",,"sc/ui.sc","emoji_squeak_gg","StickyBomb",,,4,1,5,,,,,
"emoji_squeak_happy",,"sc/ui.sc","emoji_squeak_happy","StickyBomb",,,1,0,1,,,,,
"emoji_squeak_phew",,"sc/ui.sc","emoji_squeak_phew","StickyBomb",,,4,2,6,,,,,
"emoji_squeak_sad",,"sc/ui.sc","emoji_squeak_sad","StickyBomb",,,2,0,2,,,,,
"emoji_squeak_special",,"sc/ui.sc","emoji_squeak_special","StickyBomb",,,4,2,7,,,,,
"emoji_squeak_thanks",,"sc/ui.sc","emoji_squeak_thanks","StickyBomb",,,4,2,4,,,,,
"emoji_buzz",,"sc/ui.sc","emoji_buzz","RopeDude",,TRUE,0,-1,0,,,,,
"emoji_buzz_angry",,"sc/ui.sc","emoji_buzz_angry","RopeDude",,,3,0,3,,,"TRUE",,
"emoji_buzz_happy",,"sc/ui.sc","emoji_buzz_happy","RopeDude",,,1,0,1,,,"TRUE",,
"emoji_buzz_gg",,"sc/ui.sc","emoji_buzz_gg","RopeDude",,,4,1,5,,,"TRUE",,
"emoji_buzz_phew",,"sc/ui.sc","emoji_buzz_phew","RopeDude",,,4,2,6,,,"TRUE",,
"emoji_buzz_sad",,"sc/ui.sc","emoji_buzz_sad","RopeDude",,,2,0,2,,,"TRUE",,
"emoji_buzz_special",,"sc/ui.sc","emoji_buzz_special","RopeDude",,,4,2,7,,,"TRUE",,
"emoji_buzz_thanks",,"sc/ui.sc","emoji_buzz_thanks","RopeDude",,,4,2,4,,,"TRUE",,
"emoji_griff",,"sc/ui.sc","emoji_griff","AssaultShotgun",,TRUE,0,-1,0,,,,,
"emoji_griff_angry",,"sc/ui.sc","emoji_griff_angry","AssaultShotgun",,,3,0,3,,,,,
"emoji_griff_gg",,"sc/ui.sc","emoji_griff_gg","AssaultShotgun",,,4,1,5,,,,,
"emoji_griff_phew",,"sc/ui.sc","emoji_griff_phew","AssaultShotgun",,,4,2,6,,,,,
"emoji_griff_sad",,"sc/ui.sc","emoji_griff_sad","AssaultShotgun",,,2,0,2,,,,,
"emoji_griff_special",,"sc/ui.sc","emoji_griff_special","AssaultShotgun",,,4,2,7,,,,,
"emoji_griff_thanks",,"sc/ui.sc","emoji_griff_thanks","AssaultShotgun",,,4,2,4,,,,,
"emoji_griff_happy",,"sc/ui.sc","emoji_griff_happy","AssaultShotgun",,,1,0,1,,,,,
"emoji_champie_confetti",,"sc/ui.sc","emoji_champie_confetti",,,,4,4,7,,,,,
"emoji_champie_lighter",,"sc/ui.sc","emoji_champie_lighter",,,,4,4,7,,,,,
"emoji_champie_whistle",,"sc/ui.sc","emoji_champie_whistle",,,,4,4,7,,,,,
"emoji_8bit_clap",,"sc/ui.sc","emoji_8bit_clap","Arcade",,,4,1,8,,,,,
"emoji_amber_clap",,"sc/ui.sc","emoji_amber_clap","FireDude",,,4,1,8,,,,,
"emoji_barley_clap",,"sc/ui.sc","emoji_barley_clap","Barkeep",,,4,1,8,,,,,
"emoji_bea_clap",,"sc/ui.sc","emoji_bea_clap","BeeSniper",,,4,1,8,,,,,
"emoji_belle_clap",,"sc/ui.sc","emoji_belle_clap","ElectroSniper",,,4,1,8,,,,,
"emoji_bibi_clap",,"sc/ui.sc","emoji_bibi_clap","Baseball",,,4,1,8,,,,,
"emoji_bo_clap",,"sc/ui.sc","emoji_bo_clap","BowDude",,,4,1,8,,,,,
"emoji_brock_clap",,"sc/ui.sc","emoji_brock_clap","RocketGirl",,,4,1,8,,,,,
"emoji_bull_clap",,"sc/ui.sc","emoji_bull_clap","BullDude",,,4,1,8,,,,,
"emoji_buzz_clap",,"sc/ui.sc","emoji_buzz_clap","RopeDude",,,4,1,8,,,,,
"emoji_byron_clap",,"sc/ui.sc","emoji_byron_clap","SnakeOil",,,4,1,8,,,,,
"emoji_carl_clap",,"sc/ui.sc","emoji_carl_clap","Whirlwind",,,4,1,8,,,,,
"emoji_colette_clap",,"sc/ui.sc","emoji_colette_clap","Percenter",,,4,1,8,,,,,
"emoji_colt_clap",,"sc/ui.sc","emoji_colt_clap","Gunslinger",,,4,1,8,,,,,
"emoji_crow_clap",,"sc/ui.sc","emoji_crow_clap","Crow",,,4,1,8,,,,,
"emoji_darryl_clap",,"sc/ui.sc","emoji_darryl_clap","BarrelBot",,,4,1,8,,,,,
"emoji_dynamike_clap",,"sc/ui.sc","emoji_dynamike_clap","TntDude",,,4,1,8,,,,,
"emoji_edgar_clap",,"sc/ui.sc","emoji_edgar_clap","Enrager",,,4,1,8,,,,,
"emoji_emz_clap",,"sc/ui.sc","emoji_emz_clap","Mummy",,,4,1,8,,,,,
"emoji_frank_clap",,"sc/ui.sc","emoji_frank_clap","HammerDude",,,4,1,8,,,,,
"emoji_gale_clap",,"sc/ui.sc","emoji_gale_clap","Blower",,,4,1,8,,,,,
"emoji_gene_clap",,"sc/ui.sc","emoji_gene_clap","HookDude",,,4,1,8,,,,,
"emoji_griff_clap",,"sc/ui.sc","emoji_griff_clap","AssaultShotgun",,,4,1,8,,,,,
"emoji_jacky_clap",,"sc/ui.sc","emoji_jacky_clap","Driller",,,4,1,8,,,,,
"emoji_jessie_clap",,"sc/ui.sc","emoji_jessie_clap","Mechanic",,,4,1,8,,,,,
"emoji_leon_clap",,"sc/ui.sc","emoji_leon_clap","Ninja",,,4,1,8,,,,,
"emoji_lou_clap",,"sc/ui.sc","emoji_lou_clap","IceDude",,,4,1,8,,,,,
"emoji_max_clap",,"sc/ui.sc","emoji_max_clap","Speedy",,,4,1,8,,,,,
"emoji_mortis_clap",,"sc/ui.sc","emoji_mortis_clap","Undertaker",,,4,1,8,,,,,
"emoji_mrp_clap",,"sc/ui.sc","emoji_mrp_clap","SpawnerDude",,,4,1,8,,,,,
"emoji_nani_clap",,"sc/ui.sc","emoji_nani_clap","Controller",,,4,1,8,,,,,
"emoji_nita_clap",,"sc/ui.sc","emoji_nita_clap","Shaman",,,4,1,8,,,,,
"emoji_pam_clap",,"sc/ui.sc","emoji_pam_clap","MinigunDude",,,4,1,8,,,,,
"emoji_penny_clap",,"sc/ui.sc","emoji_penny_clap","ArtilleryDude",,,4,1,8,,,,,
"emoji_piper_clap",,"sc/ui.sc","emoji_piper_clap","Sniper",,,4,1,8,,,,,
"emoji_poco_clap",,"sc/ui.sc","emoji_poco_clap","DeadMariachi",,,4,1,8,,,,,
"emoji_primo_clap",,"sc/ui.sc","emoji_primo_clap","Luchador",,,4,1,8,,,,,
"emoji_rico_clap",,"sc/ui.sc","emoji_rico_clap","TrickshotDude",,,4,1,8,,,,,
"emoji_rosa_clap",,"sc/ui.sc","emoji_rosa_clap","Rosa",,,4,1,8,,,,,
"emoji_ruffs_clap",,"sc/ui.sc","emoji_ruffs_clap","Ruffs",,,4,1,8,,,,,
"emoji_sandy_clap",,"sc/ui.sc","emoji_sandy_clap","Sandstorm",,,4,1,8,,,,,
"emoji_shelly_clap",,"sc/ui.sc","emoji_shelly_clap","ShotgunGirl",,,4,1,8,,,,,
"emoji_spike_clap",,"sc/ui.sc","emoji_spike_clap","Cactus",,,4,1,8,,,,,
"emoji_sprout_clap",,"sc/ui.sc","emoji_sprout_clap","Wally",,,4,1,8,,,,,
"emoji_squeak_clap",,"sc/ui.sc","emoji_squeak_clap","StickyBomb",,,4,1,8,,,,,
"emoji_stu_clap",,"sc/ui.sc","emoji_stu_clap","Roller",,,4,1,8,,,,,
"emoji_surge_clap",,"sc/ui.sc","emoji_surge_clap","PowerLeveler",,,4,1,8,,,,,
"emoji_tara_clap",,"sc/ui.sc","emoji_tara_clap","BlackHole",,,4,1,8,,,,,
"emoji_tick_clap",,"sc/ui.sc","emoji_tick_clap","ClusterBombDude",,,4,1,8,,,,,
"emoji_belle_boss_clap",,"sc/ui.sc","emoji_belle_boss_clap","ElectroSniper","ElectroSniperBoss",,4,4,8,,,,,
"emoji_colette_trixie_clap",,"sc/ui.sc","emoji_colette_trixie_clap","Percenter","PercenterTrixie",,4,4,8,,,,,
"emoji_gale_trader_clap",,"sc/ui.sc","emoji_gale_trader_clap","Blower","BlowerTrader",,4,4,8,,,,,
"emoji_lou_king_clap",,"sc/ui.sc","emoji_lou_king_clap","IceDude","IceDudeKing",,4,4,8,,,,,
"emoji_rosa_halloween_clap",,"sc/ui.sc","emoji_rosa_halloween_clap","Rosa","RosaRosaBrawloween",,4,4,8,,,,,
"emoji_ruffs_ronin_clap",,"sc/ui.sc","emoji_ruffs_ronin_clap","Ruffs","RuffsRonin",,4,4,8,,,,,
"emoji_surge_paladin_clap",,"sc/ui.sc","emoji_surge_paladin_clap","PowerLeveler","PowerLevelerKnight",,4,4,8,,,,,
"emoji_buzz_punk_clap",,"sc/ui.sc","emoji_buzz_punk_clap","RopeDude","RopeDudePunk",,4,4,8,,,,,
"emoji_buzz_punk",,"sc/ui.sc","emoji_buzz_punk","RopeDude","RopeDudePunk",TRUE,4,4,0,,,,,
"emoji_buzz_punk_angry",,"sc/ui.sc","emoji_buzz_punk_angry","RopeDude","RopeDudePunk",,4,4,3,,,,,
"emoji_buzz_punk_gg",,"sc/ui.sc","emoji_buzz_punk_gg","RopeDude","RopeDudePunk",,4,4,5,,,,,
"emoji_buzz_punk_happy",,"sc/ui.sc","emoji_buzz_punk_happy","RopeDude","RopeDudePunk",,4,4,1,,,,,
"emoji_buzz_punk_phew",,"sc/ui.sc","emoji_buzz_punk_phew","RopeDude","RopeDudePunk",,4,4,6,,,,,
"emoji_buzz_punk_sad",,"sc/ui.sc","emoji_buzz_punk_sad","RopeDude","RopeDudePunk",,4,4,2,,,,,
"emoji_buzz_punk_special",,"sc/ui.sc","emoji_buzz_punk_special","RopeDude","RopeDudePunk",,4,4,7,,,,,
"emoji_buzz_punk_thanks",,"sc/ui.sc","emoji_buzz_punk_thanks","RopeDude","RopeDudePunk",,4,4,4,,,,,
"emoji_darryl_megabox",,"sc/ui.sc","emoji_darryl_megabox","BarrelBot","BarrelBotMegabox",,4,4,0,,,,"WorldFinals",
