Name,IconSWF,IconExportName,Target,Disabled,LockedForChronos,DynamicRarityStartSeason,MetaType,RequiresCard,Type,Skill,Value,Value2,Value3,Rarity,TID,PowerNumberTID,PowerNumber2TID,PowerNumber3TID,PowerNumber4TID,PowerIcon1ExportName,PowerIcon2ExportName,SortOrder,DontUpgradeStat,HideDamageStat
String,String,String,String,boolean,boolean,int,int,String,String,String,int,int,int,String,String,String,String,String,String,String,String,int,boolean,boolean
ShotgunGirl_unlock,sc/ui.sc,,ShotgunGirl,,,,0,,unlock,,,,,common,,,,,,,,101,,
ShotgunGirl_hp,sc/ui.sc,health_icon,ShotgunGirl,,,,1,,hp,,,,,common,TID_ARMOR,TID_ARMOR_STAT,,,,genicon_health,,,,
ShotgunGirl_abi,sc/ui.sc,attack_icon,ShotgunGirl,,,,2,,skill,ShotgunGirlWeapon,,,,common,TID_LONG_RANGE_SHOTGUN,TID_STAT_DAMAGE_PER_SHELL,,,,genicon_damage,,,,
ShotgunGirl_ulti,sc/ui.sc,ulti_icon,ShotgunGirl,,,,3,,skill,ShotgunGirlUlti,,,,common,TID_MEGA_BLASH_ULTI,TID_STAT_DAMAGE_PER_SHELL,,,,genicon_damage,,,,
Gunslinger_unlock,sc/ui.sc,,Gunslinger,,,,0,,unlock,,,,,common,,,,,,,,103,,
Gunslinger_hp,sc/ui.sc,health_icon,Gunslinger,,,,1,,hp,,,,,common,TID_ARMOR,TID_ARMOR_STAT,,,,genicon_health,,,,
Gunslinger_abi,sc/ui.sc,attack_icon,Gunslinger,,,,2,,skill,GunslingerWeapon,,,,common,TID_RAPID_FIRE,TID_STAT_DAMAGE_PER_SHOT,,,,genicon_damage,,,,
Gunslinger_ulti,sc/ui.sc,ulti_icon,Gunslinger,,,,3,,skill,GunslingerUlti,,,,common,TID_RAPID_FIRE_ULTI,TID_STAT_DAMAGE_PER_SHOT,,,,genicon_damage,,,,
BullDude_unlock,sc/ui.sc,,BullDude,,,,0,,unlock,,,,,common,,,,,,,,104,,
BullDude_hp,sc/ui.sc,health_icon,BullDude,,,,1,,hp,,,,,common,TID_ARMOR,TID_ARMOR_STAT,,,,genicon_health,,,,
BullDude_abi,sc/ui.sc,attack_icon,BullDude,,,,2,,skill,BullDudeWeapon,,,,common,TID_SHOTGUN_BLAST,TID_STAT_DAMAGE_PER_SHELL,,,,genicon_damage,,,,
BullDude_ulti,sc/ui.sc,ulti_icon,BullDude,,,,3,,skill,BullDudeUlti,,,,common,TID_CHARGE,TID_STAT_DAMAGE,,,,genicon_damage,,,,
RocketGirl_unlock,sc/ui.sc,,RocketGirl,,,,0,,unlock,,,,,common,,,,,,,,106,,
RocketGirl_hp,sc/ui.sc,health_icon,RocketGirl,,,,1,,hp,,,,,common,TID_ARMOR,TID_ARMOR_STAT,,,,genicon_health,,,,
RocketGirl_abi,sc/ui.sc,attack_icon,RocketGirl,,,,2,,skill,RocketGirlWeapon,,,,common,TID_FIREWORKS_WEAPON,TID_STAT_DAMAGE,,,,genicon_damage,,,,
RocketGirl_ulti,sc/ui.sc,ulti_icon,RocketGirl,,,,3,,skill,RocketGirlUlti,,,,common,TID_FIREWORKS_ULTI,TID_STAT_MISSILE_DAMAGE,,,,genicon_damage,,,,
TrickshotDude_unlock,sc/ui.sc,,TrickshotDude,,,,0,,unlock,,,,,super_rare,,,,,,,,301,,
TrickshotDude_hp,sc/ui.sc,health_icon,TrickshotDude,,,,1,,hp,,,,,common,TID_ARMOR,TID_ARMOR_STAT,,,,genicon_health,,,,
TrickshotDude_abi,sc/ui.sc,attack_icon,TrickshotDude,,,,2,,skill,TrickshotDudeWeapon,,,,common,TID_TRICKSHOT_DUDE_WEAPON,TID_STAT_DAMAGE_PER_SHOT,,,,genicon_damage,,,,
TrickshotDude_ulti,sc/ui.sc,ulti_icon,TrickshotDude,,,,3,,skill,TrickshotDudeUlti,,,,common,TID_TRICKSHOT_DUDE_ULTI,TID_STAT_DAMAGE_PER_SHOT,,,,genicon_damage,,,,
Cactus_unlock,sc/ui.sc,,Cactus,,,,0,,unlock,,,,,legendary,,,,,,,,601,,
Cactus_hp,sc/ui.sc,health_icon,Cactus,,,,1,,hp,,,,,common,TID_ARMOR,TID_ARMOR_STAT,,,,genicon_health,,,,
Cactus_abi,sc/ui.sc,attack_icon,Cactus,,,,2,,skill,CactusWeapon,,,,common,TID_CACTUS_WEAPON,TID_STAT_DAMAGE_PER_SPIKE,,,,genicon_damage,,,,
Cactus_ulti,sc/ui.sc,ulti_icon,Cactus,,,,3,,skill,CactusUlti,,,,common,TID_CACTUS_ULTI,TID_STAT_DAMAGE_PER_SECOND,,,,genicon_damage,,,,
Barkeep_unlock,sc/ui.sc,,Barkeep,,,,0,,unlock,,,,,rare,,,,,,,,202,,
Barkeep_hp,sc/ui.sc,health_icon,Barkeep,,,,1,,hp,,,,,common,TID_ARMOR,TID_ARMOR_STAT,,,,genicon_health,,,,
Barkeep_abi,sc/ui.sc,attack_icon,Barkeep,,,,2,,skill,BarkeepWeapon,,,,common,TID_BARKEEP_WEAPON,TID_STAT_DAMAGE_PER_SECOND,,,,genicon_damage,,,,
Barkeep_ulti,sc/ui.sc,ulti_icon,Barkeep,,,,3,,skill,BarkeepUlti,,,,common,TID_BARKEEP_ULTI,TID_STAT_DAMAGE_PER_SECOND_EACH,,,,genicon_damage,,,,
Mechanic_unlock,sc/ui.sc,,Mechanic,,,,0,,unlock,,,,,common,,,,,,,,105,,
Mechanic_hp,sc/ui.sc,health_icon,Mechanic,,,,1,,hp,,,,,common,TID_ARMOR,TID_ARMOR_STAT,,,,genicon_health,,,,
Mechanic_abi,sc/ui.sc,attack_icon,Mechanic,,,,2,,skill,MechanicWeapon,,,,common,TID_MECHANIC_WEAPON,TID_STAT_DAMAGE,,,,genicon_damage,,,,
Mechanic_ulti,sc/ui.sc,ulti_icon,Mechanic,,,,3,,skill,MechanicUlti,,,,common,TID_MECHANIC_ULTI,TID_TURRET_DAMAGE,TID_TURRET_HEALTH,,,genicon_damage,genicon_health,,,
Shaman_unlock,sc/ui.sc,,Shaman,,,,0,,unlock,,,,,common,,,,,,,,102,,
Shaman_hp,sc/ui.sc,health_icon,Shaman,,,,1,,hp,,,,,common,TID_ARMOR,TID_ARMOR_STAT,,,,genicon_health,,,,
Shaman_abi,sc/ui.sc,attack_icon,Shaman,,,,2,,skill,ShamanWeapon,,,,common,TID_SHAMAN_WEAPON,TID_STAT_DAMAGE,,,,genicon_damage,,,,
Shaman_ulti,sc/ui.sc,ulti_icon,Shaman,,,,3,,skill,ShamanUlti,,,,common,TID_SHAMAN_ULTI,TID_BEAR_DAMAGE,TID_BEAR_HEALTH,,,genicon_damage,genicon_health,,,
TntDude_unlock,sc/ui.sc,,TntDude,,,,0,,unlock,,,,,common,,,,,,,,107,,
TntDude_hp,sc/ui.sc,health_icon,TntDude,,,,1,,hp,,,,,common,TID_ARMOR,TID_ARMOR_STAT,,,,genicon_health,,,,
TntDude_abi,sc/ui.sc,attack_icon,TntDude,,,,2,,skill,TntDudeWeapon,,,,common,TID_MORTAR,TID_STAT_PER_DYNAMITE,,,,genicon_damage,,,,
TntDude_ulti,sc/ui.sc,ulti_icon,TntDude,,,,3,,skill,TntDudeUlti,,,,common,TID_MORTAR_ULTI,TID_STAT_DAMAGE,,,,genicon_damage,,,,
Luchador_unlock,sc/ui.sc,,Luchador,,,,0,,unlock,,,,,rare,,,,,,,,201,,
Luchador_hp,sc/ui.sc,health_icon,Luchador,,,,1,,hp,,,,,common,TID_ARMOR,TID_ARMOR_STAT,,,,genicon_health,,,,
Luchador_abi,sc/ui.sc,attack_icon,Luchador,,,,2,,skill,LuchadorWeapon,,,,common,TID_LUCHADOR_WEAPON,TID_STAT_DAMAGE_PER_STRIKE,,,,genicon_damage,,,,
Luchador_ulti,sc/ui.sc,ulti_icon,Luchador,,,,3,,skill,LuchadorUlti,,,,common,TID_LUCHADOR_ULTI,TID_STAT_DAMAGE,,,,genicon_damage,,,,
Undertaker_unlock,sc/ui.sc,,Undertaker,,,,0,,unlock,,,,,mega_epic,,,,,,,,501,,
Undertaker_hp,sc/ui.sc,health_icon,Undertaker,,,,1,,hp,,,,,common,TID_ARMOR,TID_ARMOR_STAT,,,,genicon_health,,,,
Undertaker_abi,sc/ui.sc,attack_icon,Undertaker,,,,2,,skill,UndertakerWeapon,,,,common,TID_UNDERTAKER_WEAPON,TID_STAT_DAMAGE,,,,genicon_damage,,,,
Undertaker_ulti,sc/ui.sc,ulti_icon,Undertaker,,,,3,,skill,UndertakerUlti,,,,common,TID_UNDERTAKER_ULTI,TID_STAT_DAMAGE,,,,genicon_damage,,,,
Crow_unlock,sc/ui.sc,,Crow,,,,0,,unlock,,,,,legendary,,,,,,,,602,,
Crow_hp,sc/ui.sc,health_icon,Crow,,,,1,,hp,,,,,common,TID_ARMOR,TID_ARMOR_STAT,,,,genicon_health,,,,
Crow_abi,sc/ui.sc,attack_icon,Crow,,,,2,,skill,CrowWeapon,,,,common,TID_CROW_WEAPON,TID_STAT_DAMAGE_PER_DAGGER,,,,genicon_damage,,,,
Crow_ulti,sc/ui.sc,ulti_icon,Crow,,,,3,,skill,CrowUlti,,,,common,TID_CROW_ULTI,TID_STAT_DAMAGE_PER_DAGGER,,,,genicon_damage,,,,
DeadMariachi_unlock,sc/ui.sc,,DeadMariachi,,,,0,,unlock,,,,,rare,,,,,,,,203,,
DeadMariachi_hp,sc/ui.sc,health_icon,DeadMariachi,,,,1,,hp,,,,,common,TID_ARMOR,TID_ARMOR_STAT,,,,genicon_health,,,,
DeadMariachi_abi,sc/ui.sc,attack_icon,DeadMariachi,,,,2,,skill,DeadMariachiWeapon,,,,common,TID_DEAD_MARIACHI_WEAPON,TID_STAT_DAMAGE,,,,genicon_damage,,,,
DeadMariachi_ulti,sc/ui.sc,ulti_icon,DeadMariachi,,,,3,,skill,DeadMariachiUlti,,,,common,TID_DEAD_MARIACHI_ULTI,TID_STAT_HEAL,,,,genicon_health,,,,
BowDude_unlock,sc/ui.sc,,BowDude,,,,0,,unlock,,,,,common,,,,,,,,108,,
BowDude_hp,sc/ui.sc,health_icon,BowDude,,,,1,,hp,,,,,common,TID_ARMOR,TID_ARMOR_STAT,,,,genicon_health,,,,
BowDude_abi,sc/ui.sc,attack_icon,BowDude,,,,2,,skill,BowDudeWeapon,,,,common,TID_BOW_DUDE_WEAPON,TID_STAT_DAMAGE_PER_ARROW,,,,genicon_damage,,,,
BowDude_ulti,sc/ui.sc,ulti_icon,BowDude,,,,3,,skill,BowDudeUlti,,,,common,TID_BOW_DUDE_ULTI,TID_STAT_DAMAGE_PER_MINE,,,,genicon_damage,,,,
Sniper_unlock,sc/ui.sc,,Sniper,,,,0,,unlock,,,,,epic,,,,,,,,401,,
Sniper_hp,sc/ui.sc,health_icon,Sniper,,,,1,,hp,,,,,common,TID_ARMOR,TID_ARMOR_STAT,,,,genicon_health,,,,
Sniper_abi,sc/ui.sc,attack_icon,Sniper,,,,2,,skill,SniperWeapon,,,,common,TID_SNIPER_WEAPON,TID_STAT_MAX_DAMAGE,,,,genicon_damage,,,,
Sniper_ulti,sc/ui.sc,ulti_icon,Sniper,,,,3,,skill,SniperUlti,,,,common,TID_SNIPER_ULTI,TID_STAT_DAMAGE_PER_BOMB,,,,genicon_damage,,,,
MinigunDude_unlock,sc/ui.sc,,MinigunDude,,,,0,,unlock,,,,,epic,,,,,,,,402,,
MinigunDude_hp,sc/ui.sc,health_icon,MinigunDude,,,,1,,hp,,,,,common,TID_ARMOR,TID_ARMOR_STAT,,,,genicon_health,,,,
MinigunDude_abi,sc/ui.sc,attack_icon,MinigunDude,,,,2,,skill,MinigunDudeWeapon,,,,common,TID_MINIGUN_DUDE_WEAPON,TID_STAT_DAMAGE_PER_SHOT,,,,genicon_damage,,,,
MinigunDude_ulti,sc/ui.sc,ulti_icon,MinigunDude,,,,3,,skill,MinigunDudeUlti,,,,common,TID_MINIGUN_DUDE_ULTI,TID_STAT_HEALING_PER_SEC,TID_TURRET_HEALTH,,,genicon_heal,genicon_health,,,
BlackHole_unlock,sc/ui.sc,,BlackHole,,,,0,,unlock,,,,,mega_epic,,,,,,,,502,,
BlackHole_hp,sc/ui.sc,health_icon,BlackHole,,,,1,,hp,,,,,common,TID_ARMOR,TID_ARMOR_STAT,,,,genicon_health,,,,
BlackHole_abi,sc/ui.sc,attack_icon,BlackHole,,,,2,,skill,BlackHoleWeapon,,,,common,TID_BLACK_HOLE_WEAPON,TID_STAT_DAMAGE_PER_CARD,,,,genicon_damage,,,,
BlackHole_ulti,sc/ui.sc,ulti_icon,BlackHole,,,,3,,skill,BlackHoleUlti,,,,common,TID_BLACK_HOLE_ULTI,TID_STAT_DAMAGE,,,,genicon_damage,,,,
BarrelBot_unlock,sc/ui.sc,,BarrelBot,,,,0,,unlock,,,,,super_rare,,,,,,,,302,,
BarrelBot_hp,sc/ui.sc,health_icon,BarrelBot,,,,1,,hp,,,,,common,TID_ARMOR,TID_ARMOR_STAT,,,,genicon_health,,,,
BarrelBot_abi,sc/ui.sc,attack_icon,BarrelBot,,,,2,,skill,BarrelBotWeapon,,,,common,TID_BARREL_BOT_WEAPON,TID_STAT_DAMAGE_PER_SHELL,,,,genicon_damage,,,,
BarrelBot_ulti,sc/ui.sc,ulti_icon,BarrelBot,,,,3,,skill,BarrelBotUlti,,,,common,TID_BARREL_BOT_ULTI,TID_STAT_DAMAGE,,,,genicon_damage,,,,
ShotgunGirl_unique,sc/ui.sc,,ShotgunGirl,,,,4,,freeze,,90,350,,common,TID_SPEC_ABI_FREEZE,,,,,genicon_health,,,,
Gunslinger_unique,sc/ui.sc,,Gunslinger,,,,4,,speed,,100,,,common,TID_SPEC_ABI_SPEED,,,,,genicon_health,,,,
BullDude_unique,sc/ui.sc,,BullDude,,,,4,,berserker,,60,,,common,TID_SPEC_ABI_BERSERKER,,,,,genicon_health,,,,
RocketGirl_unique,sc/ui.sc,,RocketGirl,,,,4,,more_bullets_ulti,,2050,150,,common,TID_SPEC_BURN,,,,,genicon_health,,,,
TrickshotDude_unique,sc/ui.sc,,TrickshotDude,,,,4,,bounced_bullets_stronger,,124,,,common,TID_SPEC_BOUNCED_BULLETS_STRONGER,,,,,genicon_health,,,,
Cactus_unique,sc/ui.sc,,Cactus,,,,4,,cactus_heal,,800,,,common,TID_SPEC_ABI_CACTUS_HEAL,,,,,genicon_health,,,,
Barkeep_unique,sc/ui.sc,,Barkeep,,,,4,,heal_self_main_attack,,400,,,common,TID_SPEC_ABI_HEAL_SELF_MAIN_ATTACK,,,,,genicon_health,,,,
Mechanic_unique,sc/ui.sc,,Mechanic,,,,4,,repair_turret,,896,,,common,TID_SPEC_ABI_REPAIR_TURRET,,,,,genicon_health,,,,
Shaman_unique,sc/ui.sc,,Shaman,,,,4,,pet_lifesteal,,800,800,,common,TID_SPEC_ABI_PET_LIFESTEAL,,,,,genicon_health,,,,
TntDude_unique,sc/ui.sc,,TntDude,,,,4,,pushback_self,,972,,,common,TID_SPEC_ABI_PUSHBACK_SELF,,,,,genicon_health,,,,
Luchador_unique,sc/ui.sc,,Luchador,,,,4,,fire_dot_ulti,,1200,,,common,TID_SPEC_ABI_FIRE_DOT_ULTI,,,,,genicon_health,,,,
Undertaker_unique,sc/ui.sc,,Undertaker,,,,4,,steal_souls,,1000,,,common,TID_SPEC_ABI_STEAL_SOULS,,,,,genicon_health,,,,
Crow_unique,sc/ui.sc,,Crow,,,,4,,cripple,,25,,,common,TID_SPEC_CRIPPLE,,,,,genicon_health,,,,
DeadMariachi_unique,sc/ui.sc,,DeadMariachi,,,,4,,heal_main_attack,,700,,,common,TID_SPEC_HEAL_MAIN_ATTACK,,,,,genicon_health,,,,
BowDude_unique,sc/ui.sc,,BowDude,,,,4,,spot,,5,,,common,TID_SPEC_ABI_SPOT,,,,,genicon_health,,,,
Sniper_unique,sc/ui.sc,,Sniper,,,,4,,ambush,,800,,,common,TID_SPEC_ABI_AMBUSH,,,,,genicon_health,,,,
MinigunDude_unique,sc/ui.sc,,MinigunDude,,,,4,,heal_others_main_attack,,48,,,common,TID_SPEC_ABI_HEAL_OTHERS_MAIN_ATTACK,,,,,genicon_health,,,,
BlackHole_unique,sc/ui.sc,,BlackHole,,,,4,,black_hole_monster,,1,,,common,TID_SPEC_ABI_BLACK_HOLE_MONSTER,,,,,genicon_health,,,,
BarrelBot_unique,sc/ui.sc,,BarrelBot,,,,4,,barrel_defense,,40,25,,common,TID_SPEC_ABI_BARREL_DEFENSE,,,,,genicon_health,,,,
ArtilleryDude_unlock,sc/ui.sc,,ArtilleryDude,,,,0,,unlock,,,,,super_rare,,,,,,,,303,,
ArtilleryDude_hp,sc/ui.sc,health_icon,ArtilleryDude,,,,1,,hp,,,,,common,TID_ARMOR,TID_ARMOR_STAT,,,,genicon_health,,,,
ArtilleryDude_abi,sc/ui.sc,attack_icon,ArtilleryDude,,,,2,,skill,ArtilleryDudeWeapon,,,,common,TID_ARTILLERY_DUDE_WEAPON,TID_STAT_DAMAGE,,,,genicon_damage,,,,
ArtilleryDude_ulti,sc/ui.sc,ulti_icon,ArtilleryDude,,,,3,,skill,ArtilleryDudeUlti,,,,common,TID_ARTILLERY_DUDE_ULTI,TID_CANNON_DAMAGE,TID_CANNON_HEALTH,,,genicon_damage,genicon_health,,,
ArtilleryDude_unique,sc/ui.sc,,ArtilleryDude,,,,4,,chain_spread,,40,5,,common,TID_SPEC_ABI_ARTILLERY_DUDE_1,,,,,genicon_health,,,,
HammerDude_unlock,sc/ui.sc,,HammerDude,,,,0,,unlock,,,,,epic,,,,,,,,403,,
HammerDude_hp,sc/ui.sc,health_icon,HammerDude,,,,1,,hp,,,,,common,TID_ARMOR,TID_ARMOR_STAT,,,,genicon_health,,,,
HammerDude_abi,sc/ui.sc,attack_icon,HammerDude,,,,2,,skill,HammerDudeWeapon,,,,common,TID_HAMMER_DUDE_WEAPON,TID_STAT_DAMAGE,,,,genicon_damage,,,,
HammerDude_ulti,sc/ui.sc,ulti_icon,HammerDude,,,,3,,skill,HammerDudeUlti,,,,common,TID_HAMMER_DUDE_ULTI,TID_STAT_DAMAGE,,,,genicon_damage,genicon_health,,,
HammerDude_unique,sc/ui.sc,,HammerDude,,,,4,,steal_souls2,,50,12,,common,TID_SPEC_ABI_STEAL_SOULS2,,,,,genicon_health,,,,
HookDude_unlock,sc/ui.sc,,HookDude,,,,0,,unlock,,,,,mega_epic,,,,,,,,503,,
HookDude_hp,sc/ui.sc,health_icon,HookDude,,,,1,,hp,,,,,common,TID_ARMOR,TID_ARMOR_STAT,,,,genicon_health,,,,
HookDude_abi,sc/ui.sc,attack_icon,HookDude,,,,2,,skill,HookWeapon,,,,common,TID_HOOK_WEAPON,TID_STAT_DAMAGE,,,,genicon_damage,,,,
HookDude_ulti,sc/ui.sc,ulti_icon,HookDude,,,,3,,skill,HookUlti,,,,common,TID_HOOK_ULTI,TID_HOOK_ULTI,,,,genicon_damage,,,,
HookDude_unique,sc/ui.sc,,HookDude,,,,4,,aoe_regenerate,,400,,,common,TID_SPEC_ABI_HOOK,,,,,genicon_health,,,,
ClusterBombDude_unlock,sc/ui.sc,,ClusterBombDude,,,,0,,unlock,,,,,common,,,,,,,,109,,
ClusterBombDude_hp,sc/ui.sc,health_icon,ClusterBombDude,,,,1,,hp,,,,,common,TID_ARMOR,TID_ARMOR_STAT,,,,genicon_health,,,,
ClusterBombDude_abi,sc/ui.sc,attack_icon,ClusterBombDude,,,,2,,skill,ClusterBombDudeWeapon,,,,common,TID_CLUSTER_BOMB_DUDE_WEAPON,TID_STAT_DAMAGE_PER_PROXIMITY_MINE,,,,genicon_damage,,,,
ClusterBombDude_ulti,sc/ui.sc,ulti_icon,ClusterBombDude,,,,3,,skill,ClusterBombDudeUlti,,,,common,TID_CLUSTER_BOMB_DUDE_ULTI,TID_STAT_DAMAGE,TID_HEAD_HEALTH,,,genicon_damage,,,,
ClusterBombDude_unique,sc/ui.sc,,ClusterBombDude,,,,4,,repair_self,,40,,,common,TID_SPEC_ABI_REPAIR_SELF,,,,,genicon_health,,,,
Ninja_unlock,sc/ui.sc,,Ninja,,,,0,,unlock,,,,,legendary,,,,,,,,603,,
Ninja_hp,sc/ui.sc,health_icon,Ninja,,,,1,,hp,,,,,common,TID_ARMOR,TID_ARMOR_STAT,,,,genicon_health,,,,
Ninja_abi,sc/ui.sc,attack_icon,Ninja,,,,2,,skill,NinjaWeapon,,,,common,TID_NINJA_WEAPON,TID_STAT_DAMAGE_PER_SHURIKEN,,,,genicon_damage,,,,
Ninja_ulti,sc/ui.sc,ulti_icon,Ninja,,,,3,,skill,NinjaUlti,,,,common,TID_NINJA_ULTI,TID_STAT_INVISIBLE,,,,genicon_damage,,,,
Ninja_unique,sc/ui.sc,,Ninja,,,,4,,speed_invisible,,250,,,common,TID_SPEC_ABI_SPEED_INVISIBLE,,,,,genicon_health,,,,
Rosa_unlock,sc/ui.sc,,Rosa,,,,0,,unlock,,,,,rare,,,,,,,,204,,
Rosa_hp,sc/ui.sc,health_icon,Rosa,,,,1,,hp,,,,,common,TID_ARMOR,TID_ARMOR_STAT,,,,genicon_health,,,,
Rosa_abi,sc/ui.sc,attack_icon,Rosa,,,,2,,skill,RosaWeapon,,,,common,TID_ROSA_WEAPON,TID_STAT_DAMAGE_PER_STRIKE,,,,genicon_damage,,,,
Rosa_ulti,sc/ui.sc,ulti_icon,Rosa,,,,3,,skill,RosaUlti,,,,common,TID_ROSA_ULTI,TID_STAT_SHIELD,,,,genicon_damage,,,,
Rosa_unique,sc/ui.sc,,Rosa,,,,4,,heal_forest,,200,,,common,TID_SPEC_ABI_HEAL_FOREST,,,,,genicon_health,,,,
Whirlwind_unlock,sc/ui.sc,,Whirlwind,,,,0,,unlock,,,,,super_rare,,,,,,,,304,,
Whirlwind_hp,sc/ui.sc,health_icon,Whirlwind,,,,1,,hp,,,,,common,TID_ARMOR,TID_ARMOR_STAT,,,,genicon_health,,,,
Whirlwind_abi,sc/ui.sc,attack_icon,Whirlwind,,,,2,,skill,WhirlwindWeapon,,,,common,TID_WHIRLWIND_WEAPON,TID_STAT_DAMAGE_EACH_WAY,,,,genicon_damage,,,,
Whirlwind_ulti,sc/ui.sc,ulti_icon,Whirlwind,,,,3,,skill,WhirlwindUlti,,,,common,TID_WHIRLWIND_ULTI,TID_STAT_DAMAGE_PER_SWING,,,,genicon_damage,,,,
Whirlwind_unique,sc/ui.sc,,Whirlwind,,,,4,,projectile_speed,,312,,,common,TID_SPEC_ABI_PROJECTILE_SPEED,,,,,genicon_health,,,,
Baseball_unlock,sc/ui.sc,,Baseball,,,,0,,unlock,,,,,epic,,,,,,,,404,,
Baseball_hp,sc/ui.sc,health_icon,Baseball,,,,1,,hp,,,,,common,TID_ARMOR,TID_ARMOR_STAT,,,,genicon_health,,,,
Baseball_abi,sc/ui.sc,attack_icon,Baseball,,,,2,,skill,BaseballWeapon,,,,common,TID_BASEBALL_WEAPON,TID_STAT_DAMAGE,,,,genicon_damage,,,,
Baseball_ulti,sc/ui.sc,ulti_icon,Baseball,,,,3,,skill,BaseballUlti,,,,common,TID_BASEBALL_ULTI,TID_STAT_DAMAGE_EACH_WAY,,,,genicon_damage,,,,
Baseball_unique,sc/ui.sc,,Baseball,,,,4,,speed_full_ammo,,100,,,common,TID_SPEC_ABI_SPED_FULL_AMMO,,,,,genicon_health,,,,
ShotgunGirl_unique_2,sc/ui.sc,,ShotgunGirl,,,,4,,medikit,,40,2000,15000,common,TID_SPEC_ABI_MEDIKIT,,,,,genicon_health,,,,
Shaman_unique_2,sc/ui.sc,,Shaman,,,,4,,pet_attack_speed,,60,,,common,TID_SPEC_ABI_PET_ATTACK_SPEED,,,,,genicon_health,,,,
BullDude_unique_2,sc/ui.sc,,BullDude,,,,4,,low_health_shield,,40,30,,common,TID_SPEC_ABI_LOW_HEALTH_SHIELD,,,,,genicon_health,,,,
Gunslinger_unique_2,sc/ui.sc,,Gunslinger,,,,4,,attack_range,,3,,,common,TID_SPEC_ABI_ATTACK_RANGE,,,,,genicon_health,,,,
MinigunDude_unique_2,sc/ui.sc,,MinigunDude,,,,4,,aoe_dot,,800,,,common,TID_SPEC_ABI_TURRET_AOE,,,,,genicon_health,,,,
Luchador_unique_2,sc/ui.sc,,Luchador,,,,4,,speed_after_ulti,,200,80,,common,TID_SPEC_ABI_SPEED_AFTER_ULTI,,,,,genicon_health,,,,
Ninja_unique_2,sc/ui.sc,,Ninja,,,,4,,heal_invisible,,1000,,,common,TID_SPEC_ABI_HOT_INVISIBLE,,,,,genicon_health,,,,
ArtilleryDude_unique_2,sc/ui.sc,,ArtilleryDude,,,,4,,ulti_spawn_explosion,,1000,,,common,TID_SPEC_ABI_ARTILLERY_DUDE_2,,,,,genicon_health,,,,
Crow_unique_2,sc/ui.sc,,Crow,,,,4,,prey_on_the_weak,,50,152,,common,TID_SPEC_ABI_PREY_ON_THE_WEAK,,,,,genicon_health,,,,
DeadMariachi_unique_2,sc/ui.sc,,DeadMariachi,,,,4,,damage_super,,1000,,,common,TID_SPEC_DAMAGE_SUPER,,,,,genicon_health,,,,
Whirlwind_unique_2,sc/ui.sc,,Whirlwind,,,,4,,ulti_defense,,60,35,,common,TID_SPEC_ABI_WHIRLWIND_SHIELD,,,,,genicon_health,,,,
Baseball_unique_2,sc/ui.sc,,Baseball,,,,4,,shield_homerun,,20,,,common,TID_SPEC_ABI_SHIELD_HOMERUN,,,,,genicon_health,,,,
Rosa_unique_2,sc/ui.sc,,Rosa,,,,4,,damage_buff_super,,220,,,common,TID_SPEC_ABI_DAMAGE_BUFF_SUPER,,,,,genicon_health,,,,
BowDude_unique_2,sc/ui.sc,,BowDude,,,,4,,stun_trap,,40,,,common,TID_SPEC_ABI_STUN_TRAP,,,,,genicon_health,,,,
Mechanic_unique_2,sc/ui.sc,,Mechanic,,,,4,,turret_electricity,,1,,,common,TID_SPEC_ABI_TURRET_ELECTRICITY,,,,,genicon_health,,,,
RocketGirl_unique_2,sc/ui.sc,,RocketGirl,,,,4,,extra_bullet,,1,,,common,TID_SPEC_EXTRA_BULLET,,,,,genicon_health,,,,
Cactus_unique_2,sc/ui.sc,,Cactus,,,,4,,curve_ball,,75,150,,common,TID_SPEC_ABI_CURVEBALL,,,,,genicon_health,,,,
Sniper_unique_2,sc/ui.sc,,Sniper,,,,4,,reload_on_hit,,40,,,common,TID_SPEC_ABI_RELOAD_ON_HIT,,,,,genicon_health,,,,
HammerDude_unique_2,sc/ui.sc,,HammerDude,,,,4,,gain_health,,1100,,,common,TID_SPEC_ABI_GAIN_HEALTH,,,,,genicon_health,,,,
Undertaker_unique_2,sc/ui.sc,,Undertaker,,,,4,,faster_long_dash,,40,,,common,TID_SPEC_ABI_LONGER_DASH,,,,,genicon_health,,,,
TntDude_unique_2,sc/ui.sc,,TntDude,,,,4,,gain_damage_super,,1000,,,common,TID_SPEC_ABI_SUPER_DAMAGE,,,,,genicon_health,,,,
TrickshotDude_unique_2,sc/ui.sc,,TrickshotDude,,,,4,,speed_low_health,,250,40,,common,TID_SPEC_ABI_SPEED_LOW_HEALTH,,,,,genicon_health,,,,
BarrelBot_unique_2,sc/ui.sc,,BarrelBot,,,,4,,super_reload,,100,,,common,TID_SPEC_ABI_SUPER_RELOAD,,,,,genicon_health,,,,
Barkeep_unique_2,sc/ui.sc,,Barkeep,,,,4,,damage_main_attack,,200,,,common,TID_SPEC_ABI_DAMAGE_MAIN_ATTACK,,,,,genicon_health,,,,
HookDude_unique_2,sc/ui.sc,,HookDude,,,,4,,damage_ulti,,300,,,common,TID_SPEC_ABI_DAMAGE_ULTI,,,,,genicon_health,,,,
BlackHole_unique_2,sc/ui.sc,,BlackHole,,,,4,,black_hole_healer,,1,,,common,TID_SPEC_ABI_BLACK_HOLE_HEALER,,,,,genicon_health,,,,
ClusterBombDude_unique_2,sc/ui.sc,,ClusterBombDude,,,,4,,recharge,,220,,,common,TID_SPEC_ABI_RECHARGE,,,,,genicon_health,,,,
ShotgunGirl_unique_3,sc/ui.sc,,ShotgunGirl,true,true,,4,,petrol_reload,,7,40,,common,TID_SPEC_SUPER_RANGE,,,,,genicon_health,,,,
BullDude_unique_3,sc/ui.sc,,BullDude,true,true,,4,,petrol_reload,,1,,,common,TID_SPEC_ABI_IMMUNE_TO_CC,,,,,genicon_health,,,,
DeadMariachi_unique_3,sc/ui.sc,,DeadMariachi,true,true,,4,,petrol_reload,,1,,,common,TID_SPEC_ABI_CURE_DEBUFFS,,,,,genicon_health,,,,
Baseball_unique_3,sc/ui.sc,,Baseball,true,true,,4,,petrol_reload,,60,350,,common,TID_SPEC_ABI_SUPER_SLOW,,,,,genicon_health,,,,
Whirlwind_unique_3,sc/ui.sc,,Whirlwind,true,true,,4,,petrol_reload,,600,,,common,TID_SPEC_ABI_SUPER_DESTROY_WALLS,,,,,genicon_health,,,,
Undertaker_unique_3,sc/ui.sc,,Undertaker,true,true,,4,,petrol_reload,,15,30,,common,TID_SPEC_ABI_DASH_SHIELD,,,,,genicon_health,,,,
Arcade_unique,sc/ui.sc,,Arcade,,,,4,,larger_area_ulti,,1,,,common,TID_SPEC_ABI_LARGER_AREA_ULTI,,,,,genicon_health,,,,
Luchador_unique_3,sc/ui.sc,,Luchador,true,true,,4,,petrol_reload,,500,2880,,common,TID_SPEC_ABI_GROW_FROM_DAMAGE,,,,,genicon_health,,,,
Gunslinger_unique_3,sc/ui.sc,,Gunslinger,true,true,,4,,petrol_reload,,2000,,,common,TID_SPEC_ABI_ARMOR,,,,,genicon_health,,,,
Mechanic_unique_3,sc/ui.sc,,Mechanic,true,true,,4,,petrol_reload,,600,,,common,TID_SPEC_ABI_WALKING_TURRET,,,,,genicon_health,,,,
RocketGirl_unique_3,sc/ui.sc,,RocketGirl,true,true,,4,,petrol_reload,,30,,,common,TID_SPEC_SHIELD_ULTI,,,,,genicon_health,,,,
TntDude_unique_3,sc/ui.sc,,TntDude,true,true,,4,,petrol_reload,,1,,,common,TID_SPEC_ABI_PET,,,,,genicon_health,,,,
Sniper_unique_3,sc/ui.sc,,Sniper,true,true,,4,,petrol_reload,,15,,,common,TID_SPEC_SPOT_FROM_AIR,,,,,genicon_health,,,,
Ninja_unique_3,sc/ui.sc,,Ninja,true,true,,4,,petrol_reload,,140,,,common,TID_SPEC_ABI_DAMAGE_ULTI,,,,,genicon_health,,,,
Cactus_unique_3,sc/ui.sc,,Cactus,true,true,,4,,petrol_reload,,40,672,20,common,TID_SPEC_ABI_SPIKES_LOW_HEALTH,,,,,genicon_health,,,,
Arcade_unlock,sc/ui.sc,,Arcade,,,,0,,unlock,,,,,common,,,,,,,,110,,
Arcade_hp,sc/ui.sc,health_icon,Arcade,,,,1,,hp,,,,,common,TID_ARMOR,TID_ARMOR_STAT,,,,genicon_health,,,,
Arcade_abi,sc/ui.sc,attack_icon,Arcade,,,,2,,skill,ArcadeWeapon,,,,common,TID_ARCADE_WEAPON,TID_STAT_DAMAGE_PER_BEAM,,,,genicon_damage,,,,
Arcade_ulti,sc/ui.sc,ulti_icon,Arcade,,,,3,,skill,ArcadeUlti,,,,common,TID_ARCADE_ULTI,TID_STAT_DAMAGE_BOOST,TID_DAMAGE_BOOSTER_HEALTH,,,genicon_heal,genicon_health,,true,
Arcade_unique_2,sc/ui.sc,,Arcade,,,,4,,plugged_in,,140,7,8,common,TID_SPEC_ABI_PLUGGED_IN,,,,,genicon_health,,,,
Sandstorm_unlock,sc/ui.sc,,Sandstorm,,,,0,,unlock,,,,,legendary,,,,,,,,604,,
Sandstorm_hp,sc/ui.sc,health_icon,Sandstorm,,,,1,,hp,,,,,common,TID_ARMOR,TID_ARMOR_STAT,,,,genicon_health,,,,
Sandstorm_abi,sc/ui.sc,attack_icon,Sandstorm,,,,2,,skill,SandstormWeapon,,,,common,TID_SANDSTORM_WEAPON,TID_STAT_DAMAGE,,,,genicon_damage,,,,
Sandstorm_ulti,sc/ui.sc,ulti_icon,Sandstorm,,,,3,,skill,SandstormUlti,,,,common,TID_SANDSTORM_ULTI,TID_STAT_SANDSTORM,,,,genicon_damage,,,,
Sandstorm_unique,sc/ui.sc,,Sandstorm,,,,4,,aoe_dot,,100,,,common,TID_SPEC_ABI_SANDSTORM_DOT,,,,,genicon_health,,,,
Sandstorm_unique_2,sc/ui.sc,,Sandstorm,,,,4,,aoe_dot,,-300,,,common,TID_SPEC_ABI_SANDSTORM_HOT,,,,,genicon_health,,,,
BeeSniper_unlock,sc/ui.sc,,BeeSniper,,,,0,,unlock,,,,,epic,,,,,,,,405,,
BeeSniper_hp,sc/ui.sc,health_icon,BeeSniper,,,,1,,hp,,,,,common,TID_ARMOR,TID_ARMOR_STAT,,,,genicon_health,,,,
BeeSniper_abi,sc/ui.sc,attack_icon,BeeSniper,,,,2,,skill,BeeSniperWeapon,,,,common,TID_BEE_SNIPER_WEAPON,TID_STAT_DAMAGE,,,,genicon_damage,,,,
BeeSniper_ulti,sc/ui.sc,ulti_icon,BeeSniper,,,,3,,skill,BeeSniperUlti,,,,common,TID_BEE_SNIPER_ULTI,TID_STAT_DAMAGE_PER_DRONE,,,,genicon_damage,,,,
BeeSniper_unique,sc/ui.sc,,BeeSniper,,,,4,,instant_charged_shot,,2,,,common,TID_SPEC_ABI_BEE_SNIPER_1,,,,,genicon_damage,,,,
BeeSniper_unique_2,sc/ui.sc,,BeeSniper,,,,4,,shield_while_charged,,30,,,common,TID_SPEC_ABI_BEE_SNIPER_2,,,,,genicon_damage,,,,
Mummy_unlock,sc/ui.sc,,Mummy,,,,0,,unlock,,,,,common,,,,,,,,111,,
Mummy_hp,sc/ui.sc,health_icon,Mummy,,,,1,,hp,,,,,common,TID_ARMOR,TID_ARMOR_STAT,,,,genicon_health,,,,
Mummy_abi,sc/ui.sc,attack_icon,Mummy,,,,2,,skill,MummyWeapon,,,,common,TID_MUMMY_WEAPON,TID_STAT_DAMAGE_PER_HALF_SECOND,,,,genicon_damage,,,,
Mummy_ulti,sc/ui.sc,ulti_icon,Mummy,,,,3,,skill,MummyUlti,,,,common,TID_MUMMY_ULTI,TID_STAT_DAMAGE_PER_SECOND,,,,genicon_damage,,,,
Mummy_unique,sc/ui.sc,,Mummy,,,,4,,increase_dmg_consecutive_dot,,25,,,common,TID_SPEC_ABI_TICK_DMG_GROW,,,,,genicon_damage,,,,
Mummy_unique_2,sc/ui.sc,,Mummy,,,,4,,ulti_heals_self,,420,,,common,TID_SPEC_ABI_HEAL_SUPER_DMG,,,,,genicon_health,,,,
SpawnerDude_unlock,sc/ui.sc,,SpawnerDude,,,,0,,unlock,,,,,mega_epic,,,,,,,,505,,
SpawnerDude_hp,sc/ui.sc,health_icon,SpawnerDude,,,,1,,hp,,,,,common,TID_ARMOR,TID_ARMOR_STAT,,,,genicon_health,,,,
SpawnerDude_abi,sc/ui.sc,attack_icon,SpawnerDude,,,,2,,skill,SpawnerDudeWeapon,,,,common,TID_SPAWNER_DUDE_WEAPON,TID_STAT_DAMAGE_EACH_WAY,,,,genicon_damage,,,,
SpawnerDude_ulti,sc/ui.sc,ulti_icon,SpawnerDude,,,,3,,skill,SpawnerDudeUlti,,,,common,TID_SPAWNER_DUDE_ULTI,TID_PORTER_HEALTH,TID_SPAWN_BUILDING_HEALTH,TID_PORTER_DAMAGE,,genicon_damage,genicon_health,,,
SpawnerDude_unique,sc/ui.sc,icon_sp_spawner_1,SpawnerDude,,,,4,,explosion_damage_increase,,4000,40,,common,TID_SPEC_ABI_SPAWNER_DUDE_1,,,,,genicon_damage,,,,
SpawnerDude_unique_2,sc/ui.sc,icon_sp_spawner_2,SpawnerDude,,,,4,,secondary_pet_buff,,20,30,,common,TID_SPEC_ABI_SPAWNER_DUDE_2,,,,,genicon_damage,,,,
Speedy_unlock,sc/ui.sc,,Speedy,,,,0,,unlock,,,,,mega_epic,,,,,,,,504,,
Speedy_hp,sc/ui.sc,health_icon,Speedy,,,,1,,hp,,,,,common,TID_ARMOR,TID_ARMOR_STAT,,,,genicon_health,,,,
Speedy_abi,sc/ui.sc,attack_icon,Speedy,,,,2,,skill,SpeedyWeapon,,,,common,TID_SPEEDY_WEAPON,TID_STAT_DAMAGE_PER_SHOT,,,,genicon_damage,,,,
Speedy_ulti,sc/ui.sc,ulti_icon,Speedy,,,,3,,skill,SpeedyUlti,,,,common,TID_SPEEDY_ULTI,TID_SPEEDY_ULTI_STAT,,,,genicon_damage,genicon_health,,true,true
Speedy_unique,sc/ui.sc,,Speedy,,,,4,,running_charges_ulti,,14,1,,common,TID_SPEC_ABI_SPEEDY_1,,,,,genicon_damage,,,,
Speedy_unique_2,sc/ui.sc,,Speedy,,,,4,,running_charges_weapon,,60,1,,common,TID_SPEC_ABI_SPEEDY_2,,,,,genicon_damage,,,,
712ea998e59dc1ccab9c215a1d71731bd453e402,sc/ui.sc,,07220d24fa2e06c356cad4e7c6037d70b265010e,true,,,0,,unlock,,,,,common,,,,,,,,101,,
2ee96b8e775c9b09f313d8e1f6512beda6556503,sc/ui.sc,health_icon,07220d24fa2e06c356cad4e7c6037d70b265010e,true,,,1,,hp,,,,,common,TID_ARMOR,TID_ARMOR_STAT,,,,genicon_health,,,,
aa1af7bf1fd9b059eba7868156e62e7839e298f3,sc/ui.sc,attack_icon,07220d24fa2e06c356cad4e7c6037d70b265010e,true,,,2,,skill,ShotgunGirlWeapon,,,,common,TID_LONG_RANGE_SHOTGUN,TID_STAT_DAMAGE_PER_SHELL,,,,genicon_damage,,,,
e9113d8031ba7ef4b32086d0cb907fd9743070e2,sc/ui.sc,ulti_icon,07220d24fa2e06c356cad4e7c6037d70b265010e,true,,,3,,skill,ShotgunGirlUlti,,,,common,TID_MEGA_BLASH_ULTI,TID_STAT_DAMAGE_PER_SHELL,,,,genicon_damage,,,,
06a226dbc7ddbcf3f8e97cb995f5cf645a2d3aff,sc/ui.sc,,07220d24fa2e06c356cad4e7c6037d70b265010e,true,true,,4,,petrol_reload,,7,40,,common,TID_SPEC_SUPER_RANGE,,,,,genicon_health,,,,
6ec42df0c615b2d98f9f7fc900a5a4a1c37c5f6e,sc/ui.sc,,07220d24fa2e06c356cad4e7c6037d70b265010e,true,true,,4,,petrol_reload,,7,40,,common,TID_SPEC_SUPER_RANGE,,,,,genicon_health,,,,
Driller_unlock,sc/ui.sc,,Driller,,,,0,,unlock,,,,,super_rare,,,,,,,,305,,
Driller_hp,sc/ui.sc,health_icon,Driller,,,,1,,hp,,,,,common,TID_ARMOR,TID_ARMOR_STAT,,,,genicon_health,,,,
Driller_abi,sc/ui.sc,attack_icon,Driller,,,,2,,skill,DrillerWeapon,,,,common,TID_DRILLER_WEAPON,TID_STAT_DAMAGE,,,,genicon_damage,,,,
Driller_ulti,sc/ui.sc,ulti_icon,Driller,,,,3,,skill,DrillerUlti,,,,common,TID_DRILLER_ULTI,TID_STAT_DAMAGE,,,,genicon_damage,,,,
Driller_unique,sc/ui.sc,,Driller,,,,4,,reflect_damage_aoe,,30,,,common,TID_SPEC_ABI_DRILLER_1,,,,,genicon_damage,,,,
Driller_unique_2,sc/ui.sc,,Driller,,,,4,,reduce_all_damage,,20,,,common,TID_SPEC_ABI_DRILLER_2,,,,,genicon_damage,,,,
Blower_unlock,sc/ui.sc,,Blower,,,1,0,,unlock,,,,,epic,,,,,,,,701,,
Blower_hp,sc/ui.sc,health_icon,Blower,,,,1,,hp,,,,,common,TID_ARMOR,TID_ARMOR_STAT,,,,genicon_health,,,,
Blower_abi,sc/ui.sc,attack_icon,Blower,,,,2,,skill,BlowerWeapon,,,,common,TID_BLOWER_WEAPON,TID_STAT_DAMAGE,,,,genicon_damage,,,,
Blower_ulti,sc/ui.sc,ulti_icon,Blower,,,,3,,skill,BlowerUlti,,,,common,TID_BLOWER_ULTI,TID_STAT_DAMAGE,,,,genicon_damage,,,,
Blower_unique,sc/ui.sc,,Blower,,,,4,,stun_wall_push,,25,,,common,TID_SPEC_ABI_BLOWER_1,,,,,genicon_damage,,,,
Blower_unique_2,sc/ui.sc,,Blower,,,,4,,basic_freeze,,10,350,,common,TID_SPEC_ABI_BLOWER_2,,,,,genicon_damage,,,,
Controller_unlock,sc/ui.sc,,Controller,,,,0,,unlock,,,,,epic,,,,,,,,406,,
Controller_hp,sc/ui.sc,health_icon,Controller,,,,1,,hp,,,,,common,TID_ARMOR,TID_ARMOR_STAT,,,,genicon_health,,,,
Controller_abi,sc/ui.sc,attack_icon,Controller,,,,2,,skill,ControllerWeapon,,,,common,TID_CONTROLLER_WEAPON,TID_STAT_DAMAGE,,,,genicon_damage,,,,
Controller_ulti,sc/ui.sc,ulti_icon,Controller,,,,3,,skill,ControllerUlti,,,,common,TID_CONTROLLER_ULTI,TID_STAT_DAMAGE,,,,genicon_damage,,,,
Controller_unique,sc/ui.sc,,Controller,,,,4,,increase_missile_dmg_over_distance,,1600,,,common,TID_SPEC_ABI_CONTROLLER_1,,,,,genicon_damage,,,,
Controller_unique_2,sc/ui.sc,,Controller,,,,4,,shield_while_ulti,,80,,,common,TID_SPEC_ABI_CONTROLLER_2,,,,,genicon_damage,,,,
Wally_unlock,sc/ui.sc,,Wally,,,,0,,unlock,,,,,mega_epic,,,,,,,,506,,
Wally_hp,sc/ui.sc,health_icon,Wally,,,,1,,hp,,,,,common,TID_ARMOR,TID_ARMOR_STAT,,,,genicon_health,,,,
Wally_abi,sc/ui.sc,attack_icon,Wally,,,,2,,skill,WallyWeapon,,,,common,TID_WALLY_WEAPON,TID_STAT_DAMAGE,,,,genicon_damage,,,,
Wally_ulti,sc/ui.sc,ulti_icon,Wally,,,,3,,skill,WallyUlti,,,,common,TID_WALLY_ULTI,TID_STAT_DAMAGE,,,,genicon_damage,,,,
Wally_unique,sc/ui.sc,,Wally,,,,4,,increased_explosion,,5000,,,common,TID_SPEC_ABI_WALLY_1,,,,,genicon_damage,,,,
Wally_unique_2,sc/ui.sc,,Wally,,,,4,,bush_shield,,30,60,,common,TID_SPEC_ABI_WALLY_2,,,,,genicon_damage,,,,
Rosa_GrowBush,sc/ui.sc,icon_item_rosa_1,Rosa,,,,5,,accessory,Rosa_GrowBush,0,,,common,TID_ACCESSORY_GROW_BUSH,,,,,genicon_health,,,,
Crow_Shield,sc/ui.sc,icon_item_crow_1,Crow,,,,5,,accessory,Crow_Shield,14,15,,common,TID_ACCESSORY_CROW_SHIELD,,,,,genicon_health,,,,
Wally_Heal,sc/ui.sc,icon_item_wally_1,Wally,,,,5,,accessory,Wally_Heal,1,2,3,common,TID_ACCESSORY_WALLY_HEAL,,,,,genicon_health,,,,
RocketGirl_Jump,sc/ui.sc,icon_item_brock_1,RocketGirl,,,,5,,accessory,RocketGirl_Jump,16,17,,common,TID_ACCESSORY_ROCKET_JUMP,,,,,genicon_health,,,,
TrickshotDude_ShootAround,sc/ui.sc,icon_item_ricochet_1,TrickshotDude,,,,5,,accessory,TrickshotDude_ShootAround,0,,,common,TID_ACCESSORY_RICO_SHOOT_AROUND,,,,,genicon_health,,,,
Cactus_ShootAround,sc/ui.sc,icon_item_spike_1,Cactus,,,,5,,accessory,Cactus_ShootAround,19,16,,common,TID_ACCESSORY_CACTUS_SHOOT_AROUND,,,,,genicon_health,,,,
ArtilleryDude_Cover,sc/ui.sc,icon_item_penny_1,ArtilleryDude,,,,5,,accessory,ArtilleryDude_Cover,0,,,common,TID_ACCESSORY_ARTILLERY_DUDE_GADGET_1,,,,,genicon_health,,,,
Shaman_PetSlam,sc/ui.sc,icon_item_nita_1,Shaman,,,,5,,accessory,Shaman_PetSlam,0,,,common,TID_ACCESSORY_PET_SLAM,,,,,genicon_health,,,,
Barkeep_Slow,sc/ui.sc,icon_item_barley_1,Barkeep,,,,5,,accessory,Barkeep_Slow,0,,,common,TID_ACCESSORY_BARKEEP_SLOW,,,,,genicon_health,,,,
Mechanic_Slow,sc/ui.sc,icon_item_jessie_1,Mechanic,,,,5,,accessory,Mechanic_Slow,0,,,common,TID_ACCESSORY_JESSIE_SLOW,,,,,genicon_health,,,,
HookDude_Push,sc/ui.sc,icon_item_gene_1,HookDude,,,,5,,accessory,HookDude_Push,1,20,,common,TID_ACCESSORY_GENE_PUSH,,,,,genicon_health,,,,
ClusterBombDude_ExtraMines,sc/ui.sc,icon_item_tick_1,ClusterBombDude,,,,5,,accessory,ClusterBombDude_ExtraMines,1,,,common,TID_ACCESSORY_TICK_EXTRA_MINES,,,,,genicon_health,,,,
Speedy_Dash,sc/ui.sc,icon_item_max_1,Speedy,,,,5,,accessory,Speedy_Dash,0,,,common,TID_ACCESSORY_MAX_DASH,,,,,genicon_health,,,,
ShotgunGirl_Dash,sc/ui.sc,icon_item_shelly_1,ShotgunGirl,,,,5,,accessory,ShotgunGirl_Dash,0,,,common,TID_ACCESSORY_SHELLY_DASH,,,,,genicon_health,,,,
Driller_SpeedBoost,sc/ui.sc,icon_item_driller_1,Driller,,,,5,,accessory,Driller_SpeedBoost,21,22,,common,TID_ACCESSORY_DRILLER_SPEED_BOOST,,,,,genicon_health,,,,
MinigunDude_BurstHeal,sc/ui.sc,icon_item_pam_1,MinigunDude,,,,5,,accessory,MinigunDude_BurstHeal,12,,,common,TID_ACCESSORY_TOWER_BURST_HEAL,,,,,genicon_health,,,,
TntDude_Spin,sc/ui.sc,icon_item_dynamike_1,TntDude,,,,5,,accessory,TntDude_Spin,3,,,common,TID_ACCESSORY_TNT_SPIN,,,,,genicon_health,,,,
Arcade_Teleport,sc/ui.sc,icon_item_8bit_1,Arcade,,,,5,,accessory,Arcade_Teleport,0,,,common,TID_ACCESSORY_TELEPORT_TO_PET,,,,,genicon_health,,,,
BarrelBot_Spin,sc/ui.sc,icon_item_darryl_1,BarrelBot,,,,5,,accessory,BarrelBot_Spin,3,10,,common,TID_ACCESSORY_BARREL_SPIN,,,,,genicon_health,,,,
HammerDude_Immunity,sc/ui.sc,icon_item_frank_1,HammerDude,,,,5,,accessory,HammerDude_Immunity,0,,,common,TID_ACCESSORY_FRANK_CC_IMMUNITY,,,,,genicon_health,,,,
Whirlwind_Trail,sc/ui.sc,icon_item_carl_1,Whirlwind,,,,5,,accessory,Whirlwind_Trail,23,,,common,TID_ACCESSORY_CARL_TRAIL,,,,,genicon_health,,,,
BowDude_Totem,sc/ui.sc,icon_item_bo_1,BowDude,,,,5,,accessory,BowDude_Totem,0,,,common,TID_ACCESSORY_BOW_TOTEM,,,,,genicon_health,,,,
Luchador_Grab,sc/ui.sc,icon_item_elprimo_1,Luchador,,,,5,,accessory,Luchador_Grab,0,,,common,TID_ACCESSORY_PRIMO_GRAB,,,,,genicon_health,,,,
Undertaker_Swing,sc/ui.sc,icon_item_mortis_1,Undertaker,,,,5,,accessory,Undertaker_Swing,16,17,,common,TID_ACCESSORY_MORTIS_SWING,,,,,genicon_health,,,,
BlackHole_Vision,sc/ui.sc,icon_item_tara_1,BlackHole,,,,5,,accessory,BlackHole_Vision,20,1,,common,TID_ACCESSORY_TARA_VISION,,,,,genicon_health,,,,
DeadMariachi_Regen,sc/ui.sc,icon_item_poco_1,DeadMariachi,,,,5,,accessory,DeadMariachi_Regen,16,17,,common,TID_ACCESSORY_POCO_REGEN,,,,,genicon_health,,,,
Sniper_HandGun,sc/ui.sc,icon_item_piper_1,Sniper,,,,5,,accessory,Sniper_HandGun,19,2,,common,TID_ACCESSORY_SNIPER_HANDGUN,,,,,genicon_health,,,,
SpawnerDude_Promote,sc/ui.sc,icon_item_spawner_1,SpawnerDude,,,,5,,accessory,SpawnerDude_Promote,1,2,3,common,TID_ACCESSORY_SPAWNER_DUDE_PROMOTE,,,,,genicon_health,,,,
Sandstorm_Sleep,sc/ui.sc,icon_item_sandy_1,Sandstorm,,,,5,,accessory,Sandstorm_Sleep,13,,,common,TID_ACCESSORY_SANDY_SLEEP,,,,,genicon_health,,,,
BeeSniper_Slow,sc/ui.sc,icon_item_bea_1,BeeSniper,,,,5,,accessory,BeeSniper_Slow,0,,,common,TID_ACCESSORY_BEE_SNIPER_SLOW,,,,,genicon_health,,,,
BullDude_Heal,sc/ui.sc,icon_item_bull_1,BullDude,,,,5,,accessory,BullDude_Heal,1,20,,common,TID_ACCESSORY_BULL_HEAL,,,,,genicon_health,,,,
Gunslinger_Reload,sc/ui.sc,icon_item_colt_1,Gunslinger,,,,5,,accessory,Gunslinger_Reload,11,,,common,TID_ACCESSORY_GUNSLINGER_RELOAD,,,,,genicon_health,,,,
Mummy_Push,sc/ui.sc,icon_item_emz_1,Mummy,,,,5,,accessory,Mummy_Push,16,17,,common,TID_ACCESSORY_MUMMY_PUSH,,,,,genicon_health,,,,
Baseball_Heal,sc/ui.sc,icon_item_bibi_1,Baseball,,,,5,,accessory,Baseball_Heal,1,20,,common,TID_ACCESSORY_BASEBALL_HEAL,,,,,genicon_health,,,,
Ninja_Fake,sc/ui.sc,icon_item_leon_1,Ninja,,,,5,,accessory,Ninja_Fake,0,,,common,TID_ACCESSORY_NINJA_FAKE,,,,,genicon_health,,,,
Blower_Trampoline,sc/ui.sc,icon_item_gale_1,Blower,,,,5,,accessory,Blower_Trampoline,0,,,common,TID_ACCESSORY_BLOWER_TRAMPOLINE,,,,,genicon_health,,,,
Controller_Explode,sc/ui.sc,icon_item_nani_1,Controller,,,,5,,accessory,Controller_Explode,0,,,common,TID_ACCESSORY_CONTROLLER_EXPLODE,,,,,genicon_health,,,,
PowerLeveler_unlock,sc/ui.sc,,PowerLeveler,,,2,0,,unlock,,,,,epic,,,,,,,,702,,
PowerLeveler_hp,sc/ui.sc,health_icon,PowerLeveler,,,,1,,hp,,,,,common,TID_ARMOR,TID_ARMOR_STAT,,,,genicon_health,,,,
PowerLeveler_abi,sc/ui.sc,attack_icon,PowerLeveler,,,,2,,skill,PowerLevelerWeapon,,,,common,TID_POWER_LEVELER_WEAPON,TID_STAT_DAMAGE,,,,genicon_damage,,,,
PowerLeveler_ulti,sc/ui.sc,ulti_icon,PowerLeveler,,,,3,,skill,PowerLevelerUlti,,,,common,TID_POWER_LEVELER_ULTI,TID_STAT_DAMAGE,,,,genicon_damage,,,,
PowerLeveler_unique,sc/ui.sc,,PowerLeveler,,,,4,,split_also_wall_hit,,1,,,common,TID_SPEC_ABI_POWER_LEVELER_1,,,,,genicon_damage,,,,
PowerLeveler_unique_2,sc/ui.sc,,PowerLeveler,,,,4,,decrease_level_loss,,1,,,common,TID_SPEC_ABI_POWER_LEVELER_2,,,,,genicon_damage,,,,
PowerLeveler_ExtraLevels,sc/ui.sc,icon_item_surge_1,PowerLeveler,,,,5,,accessory,PowerLeveler_ExtraLevels,1,28,,common,TID_ACCESSORY_POWER_LEVELER_EXTRA_LEVELS,,,,,genicon_health,,,,
Crow_PoisonTrigger,sc/ui.sc,icon_item_crow_2,Crow,,,,5,,accessory,Crow_PoisonTrigger,24,3,,common,TID_ACCESSORY_CROW_POISON_TRIGGER,,,,,genicon_health,,,,
ArtilleryDude_Barrage,sc/ui.sc,icon_item_penny_2,ArtilleryDude,,,,5,,accessory,ArtilleryDude_Barrage,0,,,common,TID_ACCESSORY_ARTILLERY_DUDE_GADGET_2,,,,,genicon_health,,,,
ShotgunGirl_Focus,sc/ui.sc,icon_item_shelly_2,ShotgunGirl,,,,5,,accessory,ShotgunGirl_Focus,20,,,common,TID_ACCESSORY_SHELLY_FOCUS,,,,,genicon_health,,,,
BowDude_MineTrigger,sc/ui.sc,icon_item_bo_2,BowDude,,,,5,,accessory,BowDude_MineTrigger,20,1,,common,TID_ACCESSORY_BO_MINE_TRIGGER,,,,,genicon_health,,,,
Undertaker_Reload,sc/ui.sc,icon_item_mortis_2,Undertaker,,,,5,,accessory,Undertaker_Reload,20,1,,common,TID_ACCESSORY_UNDERTAKER_RELOAD,,,,,genicon_health,,,,
Sniper_Seeker,sc/ui.sc,icon_item_piper_2,Sniper,,,,5,,accessory,Sniper_Seeker,0,,,common,TID_ACCESSORY_SNIPER_SEEKER,,,,,genicon_health,,,,
Luchador_Meteor,sc/ui.sc,icon_item_elprimo_2,Luchador,,,,5,,accessory,Luchador_Meteor,1,2,3,common,TID_ACCESSORY_LUCHADOR_METEOR,,,,,genicon_health,,,,
Barkeep_HealPotion,sc/ui.sc,icon_item_barley_2,Barkeep,,,,5,,accessory,Barkeep_HealPotion,2,,,common,TID_ACCESSORY_BARKEEP_HEAL_POTION,,,,,genicon_health,,,,
TntDude_Stun,sc/ui.sc,icon_item_dynamike_2,TntDude,,,,5,,accessory,TntDude_Stun,25,,,common,TID_ACCESSORY_TNT_STUN,,,,,genicon_health,,,,
Mechanic_TurretBuff,sc/ui.sc,icon_item_jessie_2,Mechanic,,,,5,,accessory,Mechanic_TurretBuff,20,1,,common,TID_ACCESSORY_MECHANIC_TURRET_BUFF,,,,,genicon_health,,,,
Percenter_unlock,sc/ui.sc,,Percenter,,,3,0,,unlock,,,,,epic,,,,,,,,703,,
Percenter_hp,sc/ui.sc,health_icon,Percenter,,,,1,,hp,,,,,common,TID_ARMOR,TID_ARMOR_STAT,,,,genicon_health,,,,
Percenter_abi,sc/ui.sc,attack_icon,Percenter,,,,2,,skill,PercenterWeapon,,,,common,TID_PERCENTER_WEAPON,TID_STAT_DAMAGE,,,,genicon_damage,,,,
Percenter_ulti,sc/ui.sc,ulti_icon,Percenter,,,,3,,skill,PercenterUlti,,,,common,TID_PERCENTER_ULTI,TID_STAT_DAMAGE,,,,genicon_damage,,,,
Percenter_unique,sc/ui.sc,,Percenter,,,,4,,push_charge,,300,,,common,TID_SPEC_ABI_PERCENTER_1,,,,,genicon_damage,,,,
Percenter_unique_2,sc/ui.sc,,Percenter,,,,4,,shield_charge,,20,10,100,common,TID_SPEC_ABI_PERCENTER_2,,,,,genicon_damage,,,,
Percenter_StaticDamage,sc/ui.sc,icon_item_colette_1,Percenter,,,,5,,accessory,Percenter_StaticDamage,1,,,common,TID_ACCESSORY_PERCENTER_STATIC_DAMAGE,,,,,genicon_health,,,,
FireDude_unlock,sc/ui.sc,,FireDude,,,,0,,unlock,,,,,legendary,,,,,,,,605,,
FireDude_hp,sc/ui.sc,health_icon,FireDude,,,,1,,hp,,,,,common,TID_ARMOR,TID_ARMOR_STAT,,,,genicon_health,,,,
FireDude_abi,sc/ui.sc,attack_icon,FireDude,,,,2,,skill,FireDudeWeapon,,,,common,TID_FIRE_DUDE_WEAPON,TID_STAT_DAMAGE_PER_SECOND,,,,genicon_damage,,,,
FireDude_ulti,sc/ui.sc,ulti_icon,FireDude,,,,3,,skill,FireDudeUlti,,,,common,TID_FIRE_DUDE_ULTI,TID_STAT_DAMAGE,,,,genicon_damage,,,,
FireDude_unique,sc/ui.sc,,FireDude,,,,4,,more_petrol,,200,,,common,TID_SPEC_ABI_FIRE_DUDE_1,,,,,genicon_damage,,,,
FireDude_unique_2,sc/ui.sc,,FireDude,,,,4,,petrol_reload,,50,,,common,TID_SPEC_ABI_FIRE_DUDE_2,,,,,genicon_damage,,,,
FireDude_Spill,sc/ui.sc,icon_item_amber_1,FireDude,,,,5,,accessory,FireDude_Spill,20,1,,common,TID_ACCESSORY_FIRE_DUDE_SPILL,,,,,genicon_health,,,,
BullDude_Stomp,sc/ui.sc,icon_item_bull_2,BullDude,,,,5,,accessory,BullDude_Stomp,26,,,common,TID_ACCESSORY_BULL_STOMP,,,,,genicon_health,,,,
Speedy_Rewind,sc/ui.sc,icon_item_max_2,Speedy,,,,5,,accessory,Speedy_Rewind,20,1,,common,TID_ACCESSORY_REWIND,,,,,genicon_health,,,,
BeeSniper_ExtraBee,sc/ui.sc,icon_item_bea_2,BeeSniper,,,,5,,accessory,BeeSniper_ExtraBee,19,2,,common,TID_ACCESSORY_EXTRA_BEE,,,,,genicon_health,,,,
BarrelBot_Slow,sc/ui.sc,icon_item_darryl_2,BarrelBot,,,,5,,accessory,BarrelBot_Slow,20,1,,common,TID_ACCESSORY_BARREL_SLOW,,,,,genicon_health,,,,
Shaman_Shield,sc/ui.sc,icon_item_nita_2,Shaman,,,,5,,accessory,Shaman_Shield,20,1,,common,TID_ACCESSORY_SHAMAN_SHIELD,,,,,genicon_health,,,,
Wally_Reposition,sc/ui.sc,icon_item_sprout_2,Wally,,,,5,,accessory,Wally_Reposition,0,,,common,TID_ACCESSORY_WALLY_REPOSITION,,,,,genicon_health,,,,
RocketGirl_MegaRocket,sc/ui.sc,icon_item_brock_2,RocketGirl,,,,5,,accessory,RocketGirl_MegaRocket,1,2,3,common,TID_ACCESSORY_MEGA_ROCKET,,,,,genicon_health,,,,
Whirlwind_Fly,sc/ui.sc,icon_item_carl_2,Whirlwind,,,,5,,accessory,Whirlwind_Fly,0,,,common,TID_ACCESSORY_WHIRLWIND_FLY,,,,,genicon_health,,,,
Arcade_Double,sc/ui.sc,icon_item_8bit_2,Arcade,,,,5,,accessory,Arcade_Double,27,,,common,TID_ACCESSORY_ARCADE_DOUBLE,,,,,genicon_health,,,,
Gunslinger_BigBullet,sc/ui.sc,icon_item_colt_2,Gunslinger,,,,5,,accessory,Gunslinger_BigBullet,31,,,common,TID_ACCESSORY_GUNSLINGER_BIG_BULLET,,,,,genicon_health,,,,
IceDude_unlock,sc/ui.sc,,IceDude,,,4,0,,unlock,,,,,epic,,,,,,,,704,,
IceDude_hp,sc/ui.sc,health_icon,IceDude,,,,1,,hp,,,,,common,TID_ARMOR,TID_ARMOR_STAT,,,,genicon_health,,,,
IceDude_abi,sc/ui.sc,attack_icon,IceDude,,,,2,,skill,IceDudeWeapon,,,,common,TID_ICE_DUDE_WEAPON,TID_STAT_DAMAGE,,,,genicon_damage,,,,
IceDude_ulti,sc/ui.sc,ulti_icon,IceDude,,,,3,,skill,IceDudeUlti,,,,common,TID_ICE_DUDE_ULTI,TID_STAT_DAMAGE,,,,genicon_damage,,,,
IceDude_unique,sc/ui.sc,,IceDude,,,,4,,slippery_to_frost,,8,,,common,TID_SPEC_ABI_ICE_DUDE_1,,,,,genicon_damage,,,,
IceDude_unique_2,sc/ui.sc,,IceDude,,,,4,,freeze_damage,,50,,,common,TID_SPEC_ABI_ICE_DUDE_2,,,,,genicon_damage,,,,
IceDude_Freeze,sc/ui.sc,icon_item_lou_1,IceDude,,,,5,,accessory,IceDude_Freeze,20,1,,common,TID_ACCESSORY_ICE_DUDE_GADGET,,,,,genicon_health,,,,
SnakeOil_unlock,sc/ui.sc,,SnakeOil,,,,0,,unlock,,,,,mega_epic,,,,,,,,507,,
SnakeOil_hp,sc/ui.sc,health_icon,SnakeOil,,,,1,,hp,,,,,common,TID_ARMOR,TID_ARMOR_STAT,,,,genicon_health,,,,
SnakeOil_abi,sc/ui.sc,attack_icon,SnakeOil,,,,2,,skill,SnakeOilWeapon,,,,common,TID_SNAKE_OIL_WEAPON,TID_STAT_DAMAGE_OR_HEAL,,,,genicon_damage,,,,
SnakeOil_ulti,sc/ui.sc,ulti_icon,SnakeOil,,,,3,,skill,SnakeOilUlti,,,,common,TID_SNAKE_OIL_ULTI,TID_STAT_DAMAGE_OR_HEAL,,,,genicon_damage,,,,
SnakeOil_unique,sc/ui.sc,,SnakeOil,,,,4,,suppress_heals,,75,180,,common,TID_SPEC_ABI_SNAKE_OIL_1,,,,,genicon_damage,,,,
SnakeOil_unique_2,sc/ui.sc,,SnakeOil,,,,4,,attack_pierce,,70,,,common,TID_SPEC_ABI_SNAKE_OIL_2,,,,,genicon_damage,,,,
SnakeOil_Heal,sc/ui.sc,icon_item_byron_1,SnakeOil,,,,5,,accessory,SnakeOil_Heal,1,28,,common,TID_ACCESSORY_SNAKE_OIL_HEAL,,,,,genicon_health,,,,
Enrager_unlock,sc/ui.sc,,Enrager,,,,0,,unlock,,,,,epic,,,,,,,,407,,
Enrager_hp,sc/ui.sc,health_icon,Enrager,,,,1,,hp,,,,,common,TID_ARMOR,TID_ARMOR_STAT,,,,genicon_health,,,,
Enrager_abi,sc/ui.sc,attack_icon,Enrager,,,,2,,skill,EnragerWeapon,,,,common,TID_ENRAGER_WEAPON,TID_STAT_DAMAGE,,,,genicon_damage,,,,
Enrager_ulti,sc/ui.sc,ulti_icon,Enrager,,,,3,,skill,EnragerUlti,,,,common,TID_ENRAGER_ULTI,TID_STAT_DAMAGE,,,,genicon_damage,,,,true
Enrager_unique,sc/ui.sc,,Enrager,,,,4,,charge_end_damage,,35,60,,common,TID_SPEC_ABI_ENRAGER_1,,,,,genicon_damage,,,,
Enrager_unique_2,sc/ui.sc,,Enrager,,,,4,,self_heal_increase,,25,,,common,TID_SPEC_ABI_ENRAGER_2,,,,,genicon_damage,,,,
Enrager_SuperBoost,sc/ui.sc,icon_item_edgar_1,Enrager,,,,5,,accessory,Enrager_SuperBoost,1,20,,common,TID_ACCESSORY_ENRAGER_SUPER_BOOST,,,,,genicon_health,,,,
Ruffs_unlock,sc/ui.sc,,Ruffs,,,5,0,,unlock,,,,,epic,,,,,,,,705,,
Ruffs_hp,sc/ui.sc,health_icon,Ruffs,,,,1,,hp,,,,,common,TID_ARMOR,TID_ARMOR_STAT,,,,genicon_health,,,,
Ruffs_abi,sc/ui.sc,attack_icon,Ruffs,,,,2,,skill,RuffsWeapon,,,,common,TID_RUFFS_WEAPON,TID_STAT_DAMAGE,,,,genicon_damage,,,,
Ruffs_ulti,sc/ui.sc,ulti_icon,Ruffs,,,,3,,skill,RuffsUlti,,,,common,TID_RUFFS_ULTI,TID_STAT_DAMAGE,,,,genicon_damage,,,,true
Ruffs_unique,sc/ui.sc,,Ruffs,,,,4,,supply_bomb,,1000,,,common,TID_SPEC_ABI_RUFFS_1,,,,,genicon_damage,,,,
Ruffs_unique_2,sc/ui.sc,,Ruffs,,,,4,,increase_team_health,,30,,,common,TID_SPEC_ABI_RUFFS_2,,,,,genicon_damage,,,,
Ruffs_Cover,sc/ui.sc,icon_item_ruffs_1,Ruffs,,,,5,,accessory,Ruffs_Cover,1,29,,common,TID_ACCESSORY_RUFFS_COVER,,,,,genicon_health,,,,
Rosa_BushControl,sc/ui.sc,icon_item_rosa_2,Rosa,,,,5,,accessory,Rosa_BushControl,24,3,,common,TID_ACCESSORY_ROSA_BUSH_CONTROL,,,,,genicon_health,,,,
SpawnerDude_ExtraPorter,sc/ui.sc,icon_item_spawner_2,SpawnerDude,,,,5,,accessory,SpawnerDude_ExtraPorter,0,,,common,TID_ACCESSORY_SPAWNER_DUDE_EXTRA_PORTER,,,,,genicon_health,,,,
DeadMariachi_Cleanse,sc/ui.sc,icon_item_poco_2,DeadMariachi,,,,5,,accessory,DeadMariachi_Cleanse,16,17,,common,TID_ACCESSORY_POCO_CLEANSE,,,,,genicon_health,,,,
HammerDude_Pull,sc/ui.sc,icon_item_frank_2,HammerDude,,,,5,,accessory,HammerDude_Pull,2,,,common,TID_ACCESSORY_FRANK_PULL,,,,,genicon_health,,,,
HookDude_Homing,sc/ui.sc,icon_item_gene_2,HookDude,,,,5,,accessory,HookDude_Homing,1,2,3,common,TID_ACCESSORY_GENE_HOMING,,,,,genicon_health,,,,
Controller_BounceBack,sc/ui.sc,icon_item_nani_2,Controller,,,,5,,accessory,Controller_BounceBack,1,20,,common,TID_ACCESSORY_CONTROLLER_BOUNCE_BACK,,,,,genicon_health,,,,
Driller_Proto,sc/ui.sc,icon_item_edgar_1,Driller,TRUE,TRUE,,5,,accessory,Driller_Proto,0,,,common,TID_ACCESSORY_PROTO,,,,,genicon_health,,,,
ClusterBombDude_Explosion,sc/ui.sc,icon_item_tick_2,ClusterBombDude,,,,5,,accessory,ClusterBombDude_Explosion,13,16,14,common,TID_ACCESSORY_TICK_EXPLOSION,,,,,genicon_health,,,,
BlackHole_Shadows,sc/ui.sc,icon_item_tara_2,BlackHole,,,,5,,accessory,BlackHole_Shadows,30,,,common,TID_ACCESSORY_TARA_SHADOWS,,,,,genicon_health,,,,
Baseball_Proto,sc/ui.sc,icon_item_edgar_1,Baseball,TRUE,TRUE,,5,,accessory,Baseball_Proto,0,,,common,TID_ACCESSORY_PROTO,,,,,genicon_health,,,,
Roller_unlock,sc/ui.sc,,Roller,,,,0,,unlock,,,,,common,,,,,,,,112,,
Roller_hp,sc/ui.sc,health_icon,Roller,,,,1,,hp,,,,,common,TID_ARMOR,TID_ARMOR_STAT,,,,genicon_health,,,,
Roller_abi,sc/ui.sc,attack_icon,Roller,,,,2,,skill,RollerWeapon,,,,common,TID_ROLLER_WEAPON,TID_STAT_DAMAGE,,,,genicon_damage,,,,
Roller_ulti,sc/ui.sc,ulti_icon,Roller,,,,3,,skill,RollerUlti,,,,common,TID_ROLLER_ULTI,TID_STAT_DAMAGE,,,,genicon_damage,,,,
Roller_unique,sc/ui.sc,,Roller,,,,4,,increase_dodge_length,,5,,,common,TID_SPEC_ABI_ROLLER_1,,,,,genicon_damage,,,,
Roller_unique_2,sc/ui.sc,,Roller,,,,4,,heal_on_charge,,400,,,common,TID_SPEC_ABI_ROLLER_2,,,,,genicon_damage,,,,
Roller_Speed,sc/ui.sc,icon_item_stu_1,Roller,,,,5,,accessory,Roller_Speed,0,,,common,TID_ACCESSORY_ROLLER_SPEED,,,,,genicon_health,,,,
ElectroSniper_unlock,sc/ui.sc,,ElectroSniper,,,6,0,,unlock,,,,,epic,,,,,,,,706,,
ElectroSniper_hp,sc/ui.sc,health_icon,ElectroSniper,,,,1,,hp,,,,,common,TID_ARMOR,TID_ARMOR_STAT,,,,genicon_health,,,,
ElectroSniper_abi,sc/ui.sc,attack_icon,ElectroSniper,,,,2,,skill,ElectroSniperWeapon,,,,common,TID_ELECTRO_SNIPER_WEAPON,TID_STAT_DAMAGE,,,,genicon_damage,,,,
ElectroSniper_ulti,sc/ui.sc,ulti_icon,ElectroSniper,,,,3,,skill,ElectroSniperUlti,,,,common,TID_ELECTRO_SNIPER_ULTI,TID_STAT_DAMAGE,,,,genicon_damage,,,,
ElectroSniper_unique,sc/ui.sc,icon_sp_belle_1,ElectroSniper,,,,4,,electro_shield,,20,20,,common,TID_SPEC_ABI_ELECTRO_SNIPER_1,,,,,genicon_damage,,,,
ElectroSniper_unique_2,sc/ui.sc,icon_sp_belle_2,ElectroSniper,,,,4,,ulti_reload_debuff,,1000,60,,common,TID_SPEC_ABI_ELECTRO_SNIPER_2,,,,,genicon_damage,,,,
ElectroSniper_Trap,sc/ui.sc,icon_item_belle_1,ElectroSniper,,,,5,,accessory,ElectroSniper_Trap,1,33,,common,TID_ACCESSORY_ELECTRO_SNIPER_TRAP,,,,,genicon_health,,,,
StickyBomb_unlock,sc/ui.sc,,StickyBomb,,,,0,,unlock,,,,,mega_epic,,,,,,,,508,,
StickyBomb_hp,sc/ui.sc,health_icon,StickyBomb,,,,1,,hp,,,,,common,TID_ARMOR,TID_ARMOR_STAT,,,,genicon_health,,,,
StickyBomb_abi,sc/ui.sc,attack_icon,StickyBomb,,,,2,,skill,StickyBombWeapon,,,,common,TID_STICKY_BOMB_WEAPON,TID_STAT_DAMAGE,,,,genicon_damage,,,,
StickyBomb_ulti,sc/ui.sc,ulti_icon,StickyBomb,,,,3,,skill,StickyBombUlti,,,,common,TID_STICKY_BOMB_ULTI,TID_STAT_DAMAGE,,,,genicon_damage,,,,
StickyBomb_unique,sc/ui.sc,icon_sp_squeak_1,StickyBomb,,,,4,,target_count_damage,,10,,,common,TID_SPEC_ABI_STICKY_BOMB_1,,,,,genicon_damage,,,,
StickyBomb_unique_2,sc/ui.sc,icon_sp_squeak_2,StickyBomb,,,,4,,ulti_bomb_slow,,350,80,,common,TID_SPEC_ABI_STICKY_BOMB_2,,,,,genicon_damage,,,,
StickyBomb_Range,sc/ui.sc,icon_item_squeak_1,StickyBomb,,,,5,,accessory,StickyBomb_Range,32,1,,common,TID_ACCESSORY_STICKY_BOMB_RANGE,,,,,genicon_health,,,,
CrossBomber_unlock,sc/ui.sc,,CrossBomber,,,,0,,unlock,,,,,epic,,,,,,,,409,,
CrossBomber_hp,sc/ui.sc,health_icon,CrossBomber,,,,1,,hp,,,,,common,TID_ARMOR,TID_ARMOR_STAT,,,,genicon_health,,,,
CrossBomber_abi,sc/ui.sc,attack_icon,CrossBomber,,,,2,,skill,CrossBomberWeapon,,,,common,TID_CROSS_BOMBER_WEAPON,TID_STAT_DAMAGE,,,,genicon_damage,,,,
CrossBomber_ulti,sc/ui.sc,ulti_icon,CrossBomber,,,,3,,skill,CrossBomberUlti,,,,common,TID_CROSS_BOMBER_ULTI,TID_STAT_DAMAGE,,,,genicon_damage,,,,
CrossBomber_unique,sc/ui.sc,,CrossBomber,,,,4,,speed_ulti,,110,,,common,TID_SPEC_ABI_CROSS_BOMBER_1,,,,,genicon_damage,,,,
CrossBomber_unique_2,sc/ui.sc,,CrossBomber,,,,4,,grow_damage_shrapnel,,30,,,common,TID_SPEC_ABI_CROSS_BOMBER_2,,,,,genicon_damage,,,,
CrossBomber_Vision,sc/ui.sc,icon_item_grom_1,CrossBomber,,,,5,,accessory,CrossBomber_Vision,0,,,common,TID_ACCESSORY_CROSS_BOMBER_WATCHTOWER,,,,,genicon_health,,,,
RopeDude_unlock,sc/ui.sc,,RopeDude,,,7,0,,unlock,,,,,epic,,,,,,,,707,,
RopeDude_hp,sc/ui.sc,health_icon,RopeDude,,,,1,,hp,,,,,common,TID_ARMOR,TID_ARMOR_STAT,,,,genicon_health,,,,
RopeDude_abi,sc/ui.sc,attack_icon,RopeDude,,,,2,,skill,RopeDudeWeapon,,,,common,TID_ROPE_DUDE_WEAPON,TID_STAT_DAMAGE,,,,genicon_damage,,,,
RopeDude_ulti,sc/ui.sc,ulti_icon,RopeDude,,,,3,,skill,RopeDudeUlti,,,,common,TID_ROPE_DUDE_ULTI,TID_STAT_DAMAGE,,,,genicon_damage,,,,
RopeDude_unique,sc/ui.sc,,RopeDude,,,,4,,min_stun,,10,,,common,TID_SPEC_ABI_ROPE_DUDE_1,,,,,genicon_damage,,,,
RopeDude_unique_2,sc/ui.sc,,RopeDude,,,,4,,super_charge_area,,1,,,common,TID_SPEC_ABI_ROPE_DUDE_2,,,,,genicon_damage,,,,
RopeDude_WeakUlti,sc/ui.sc,icon_item_buzz_1,RopeDude,,,,5,,accessory,RopeDude_WeakUlti,0,,,common,TID_ACCESSORY_ROPE_DUDE_WEAK_ULTI,,,,,genicon_health,,,,
AssaultShotgun_unlock,sc/ui.sc,,AssaultShotgun,,,,0,,unlock,,,,,epic,,,,,,,,408,,
AssaultShotgun_hp,sc/ui.sc,health_icon,AssaultShotgun,,,,1,,hp,,,,,common,TID_ARMOR,TID_ARMOR_STAT,,,,genicon_health,,,,
AssaultShotgun_abi,sc/ui.sc,attack_icon,AssaultShotgun,,,,2,,skill,AssaultShotgunWeapon,,,,common,TID_ASSAULT_SHOTGUN_WEAPON,TID_STAT_DAMAGE,,,,genicon_damage,,,,
AssaultShotgun_ulti,sc/ui.sc,ulti_icon,AssaultShotgun,,,,3,,skill,AssaultShotgunUlti,,,,common,TID_ASSAULT_SHOTGUN_ULTI,TID_STAT_DAMAGE,,,,genicon_damage,,,,
AssaultShotgun_unique,sc/ui.sc,,AssaultShotgun,,,,4,,decrease_unload_time,,25,,,common,TID_SPEC_ABI_ASSAULT_SHOTGUN_1,,,,,genicon_damage,,,,
AssaultShotgun_unique_2,sc/ui.sc,,AssaultShotgun,,,,4,,heal_continuous,,15,40,,common,TID_SPEC_ABI_ASSAULT_SHOTGUN_2,,,,,genicon_damage,,,,
AssaultShotgun_Bomb,sc/ui.sc,icon_item_griff_1,AssaultShotgun,,,,5,,accessory,AssaultShotgun_Bomb,2,,,common,TID_ACCESSORY_ASSAULT_SHOTGUN_BOMB,,,,,genicon_health,,,,
IceDude_AreaFreeze,sc/ui.sc,icon_item_lou_2,IceDude,,,,5,,accessory,IceDude_AreaFreeze,1,,,common,TID_ACCESSORY_ICE_DUDE_AREA_FREEZE,,,,,genicon_health,,,,
Roller_MegaStunt,sc/ui.sc,icon_item_stu_2,Roller,,,,5,,accessory,Roller_MegaStunt,1,,,common,TID_ACCESSORY_ROLLER_MEGA_STUNT,,,,,genicon_health,,,,
Ruffs_AirStrike,sc/ui.sc,icon_item_ruffs_2,Ruffs,,,,5,,accessory,Ruffs_AirStrike,1,,,common,TID_ACCESSORY_RUFFS_AIR_STRIKE,,,,,genicon_health,,,,
Enrager_Protection,sc/ui.sc,icon_item_edgar_2,Enrager,,,,5,,accessory,Enrager_Protection,1,,,common,TID_ACCESSORY_ENRAGER_PROTECTION,,,,,genicon_health,,,,
MinigunDude_AmmoSink,sc/ui.sc,icon_item_pam_2,MinigunDude,,,,5,,accessory,MinigunDude_AmmoSink,1,2,,common,TID_ACCESSORY_MINIGUN_DUDE_AMMO_SINK,,,,,genicon_health,,,,
Sandstorm_StunSleep,sc/ui.sc,icon_item_sandy_2,Sandstorm,,,,5,,accessory,Sandstorm_StunSleep,25,,,common,TID_ACCESSORY_SANDSTORM_STUN_SLEEP,,,,,genicon_health,,,,
Cactus_Cover,sc/ui.sc,icon_item_spike_2,Cactus,,,,5,,accessory,Cactus_Cover,29,34,,common,TID_ACCESSORY_CACTUS_COVER,,,,,genicon_health,,,,
Blower_Stopper,sc/ui.sc,icon_item_gale_2,Blower,,,,5,,accessory,Blower_Stopper,1,,,common,TID_ACCESSORY_BLOWER_STOPPER,,,,,genicon_health,,,,
Ninja_InvisibleArea,sc/ui.sc,icon_item_leon_2,Ninja,,,,5,,accessory,Ninja_InvisibleArea,1,,,common,TID_ACCESSORY_NINJA_INVISIBLE_AREA,,,,,genicon_health,,,,
TrickshotDude_BounceHeal,sc/ui.sc,icon_item_ricochet_2,TrickshotDude,,,,5,,accessory,TrickshotDude_BounceHeal,1,,,common,TID_ACCESSORY_TRICKSHOT_DUDE_BOUNCE_HEAL,,,,,genicon_health,,,,
Knight_unlock,sc/ui.sc,,Knight,,,8,0,,unlock,,,,,epic,,,,,,,,708,,
Knight_hp,sc/ui.sc,health_icon,Knight,,,,1,,hp,,,,,common,TID_ARMOR,TID_ARMOR_STAT,,,,genicon_health,,,,
Knight_abi,sc/ui.sc,attack_icon,Knight,,,,2,,skill,KnightWeapon,,,,common,TID_KNIGHT_WEAPON,TID_STAT_DAMAGE,,,,genicon_damage,,,,
Knight_ulti,sc/ui.sc,ulti_icon,Knight,,,,3,,skill,KnightUlti,,,,common,TID_KNIGHT_ULTI,TID_STAT_DAMAGE,,,,genicon_damage,,,,
Knight_unique,sc/ui.sc,,Knight,,,,4,,extra_rage,,200,,,common,TID_SPEC_ABI_KNIGHT_1,,,,,genicon_damage,,,,
Knight_unique_2,sc/ui.sc,,Knight,,,,4,,reload_from_rage,,30,,,common,TID_SPEC_ABI_KNIGHT_2,,,,,genicon_damage,,,,
Knight_Heal,sc/ui.sc,icon_item_ash_1,Knight,,,,5,,accessory,Knight_Heal,1,,,common,TID_ACCESSORY_KNIGHT_HEAL,,,,,genicon_health,,,,
MechaDude_unlock,sc/ui.sc,,MechaDude,,,,0,,unlock,,,,,legendary,,,,,,,,606,,
MechaDude_hp,sc/ui.sc,health_icon,MechaDude,,,,1,,hp,,,,,common,TID_ARMOR,TID_ARMOR_STAT,,,,genicon_health,,,,
MechaDude_abi,sc/ui.sc,attack_icon,MechaDude,,,,2,,skill,MechaDudeWeapon,,,,common,TID_MECHA_DUDE_WEAPON,TID_STAT_DAMAGE,,,,genicon_damage,,,,
MechaDude_ulti,sc/ui.sc,ulti_icon,MechaDude,,,,3,,skill,MechaDudeUlti,,,,common,TID_MECHA_DUDE_ULTI,TID_STAT_DAMAGE,,,,genicon_damage,,,,
MechaDude_unique,sc/ui.sc,,MechaDude,,,,4,,downgrade_shield,,35,600,,common,TID_SPEC_ABI_MECHA_DUDE_1,,,,,genicon_damage,,,,
MechaDude_unique_2,sc/ui.sc,,MechaDude,,,,4,,mecha_explosion,,1,,,common,TID_SPEC_ABI_MECHA_DUDE_2,,,,,genicon_damage,,,,
MechaDude_Heal,sc/ui.sc,icon_item_meg_1,MechaDude,,,,5,,accessory,MechaDude_Heal,1,20,,common,TID_ACCESSORY_MECHA_DUDE_HEAL,,,,,genicon_health,,,,
MechaDudeBig_hp,sc/ui.sc,health_icon,MechaDudeBig,,,,1,,hp,,,,,common,TID_ARMOR,TID_ARMOR_STAT,,,,genicon_health,,,,
MechaDudeBig_abi,sc/ui.sc,attack_icon,MechaDudeBig,,,,2,,skill,MechaDudeBigWeapon,,,,common,TID_MECHA_DUDE_BIG_WEAPON,TID_STAT_DAMAGE,,,,genicon_damage,,,,
MechaDudeBig_ulti,sc/ui.sc,ulti_icon,MechaDudeBig,,,,3,,skill,MechaDudeBigUlti,,,,common,TID_MECHA_DUDE_BIG_ULTI,TID_STAT_DAMAGE,,,,genicon_damage,,,,
Duplicator_unlock,sc/ui.sc,,Duplicator,,,9,0,,unlock,,,,,epic,,,,,,,,709,,
Duplicator_hp,sc/ui.sc,health_icon,Duplicator,,,,1,,hp,,,,,common,TID_ARMOR,TID_ARMOR_STAT,,,,genicon_health,,,,
Duplicator_abi,sc/ui.sc,attack_icon,Duplicator,,,,2,,skill,DuplicatorWeapon,,,,common,TID_DUPLICATOR_WEAPON,TID_STAT_DAMAGE,,,,genicon_damage,,,,
Duplicator_ulti,sc/ui.sc,ulti_icon,Duplicator,,,,3,,skill,DuplicatorUlti,,,,common,TID_DUPLICATOR_ULTI,TID_STAT_DAMAGE,,,,genicon_damage,,,,
Duplicator_unique,sc/ui.sc,,Duplicator,,,,4,,last_shot_damage,,66,30,,common,TID_SPEC_ABI_DUPLICATOR_1,,,,,genicon_damage,,,,
Duplicator_unique_2,sc/ui.sc,,Duplicator,,,,4,,pet_healing_bullets,,100,,,common,TID_SPEC_ABI_DUPLICATOR_2,,,,,genicon_damage,,,,
Duplicator_StaticDuplicate,sc/ui.sc,icon_item_lolla_1,Duplicator,,,,5,,accessory,Duplicator_StaticDuplicate,1,20,,common,TID_ACCESSORY_DUPLICATOR_GADGET,,,,,genicon_health,,,,
KickerDude_unlock,sc/ui.sc,,KickerDude,,,10,0,,unlock,,,,,epic,,,,,,,,710,,
KickerDude_hp,sc/ui.sc,health_icon,KickerDude,,,,1,,hp,,,,,common,TID_ARMOR,TID_ARMOR_STAT,,,,genicon_health,,,,
KickerDude_abi,sc/ui.sc,attack_icon,KickerDude,,,,2,,skill,KickerDudeWeapon,,,,common,TID_KICKER_DUDE_WEAPON,TID_STAT_DAMAGE,,,,genicon_damage,,,,
KickerDude_ulti,sc/ui.sc,ulti_icon,KickerDude,,,,3,,skill,KickerDudeUlti,,,,common,TID_KICKER_DUDE_ULTI,TID_STAT_DAMAGE,,,,genicon_damage,,,,
KickerDude_unique,sc/ui.sc,,KickerDude,,,,4,,charge_ulti_on_kill,,100,,,common,TID_SPEC_ABI_KICKER_DUDE_1,,,,,genicon_damage,,,,
KickerDude_unique_2,sc/ui.sc,,KickerDude,,,,4,,reduce_damage_periodically,,60,500,90,common,TID_SPEC_ABI_KICKER_DUDE_2,,,,,genicon_damage,,,,
KickerDude_Mines,sc/ui.sc,icon_item_fang_1,KickerDude,,,,5,,accessory,KickerDude_Mines,3,,,common,TID_ACCESSORY_KICKER_DUDE_GADGET,,,,,genicon_health,,,,
012e076b0cd56825943d46c52f581675ecb20788,sc/ui.sc,,4f7b8a8fb970bd4cb356d59fd76bb5fb64e5797a,true,,,0,,unlock,,,,,common,,,,,,,,101,,
a7979c690609bb4e53bc14b6dc23f6c7d5a08191,sc/ui.sc,health_icon,4f7b8a8fb970bd4cb356d59fd76bb5fb64e5797a,true,,,1,,hp,,,,,common,TID_ARMOR,TID_ARMOR_STAT,,,,genicon_health,,,,
425ef885ce54aed287e2783a60f3cab4b7efca2b,sc/ui.sc,attack_icon,4f7b8a8fb970bd4cb356d59fd76bb5fb64e5797a,true,,,2,,skill,ShotgunGirlWeapon,,,,common,TID_LONG_RANGE_SHOTGUN,TID_STAT_DAMAGE_PER_SHELL,,,,genicon_damage,,,,
23def801beba9bb987335e3eb89ef8f50f96ac08,sc/ui.sc,ulti_icon,4f7b8a8fb970bd4cb356d59fd76bb5fb64e5797a,true,,,3,,skill,ShotgunGirlUlti,,,,common,TID_MEGA_BLASH_ULTI,TID_STAT_DAMAGE_PER_SHELL,,,,genicon_damage,,,,
6ac02880272aaeaadac71ba48d4b89e889a07607,sc/ui.sc,,4f7b8a8fb970bd4cb356d59fd76bb5fb64e5797a,true,true,,4,,petrol_reload,,7,40,,common,TID_SPEC_SUPER_RANGE,,,,,genicon_health,,,,
5c30416c4151f4134432e80b50e194bfee88342f,sc/ui.sc,,4f7b8a8fb970bd4cb356d59fd76bb5fb64e5797a,true,true,,4,,petrol_reload,,7,40,,common,TID_SPEC_SUPER_RANGE,,,,,genicon_health,,,,
119d51e112ac047a90d534ac9bf4f7ad52481f51,sc/ui.sc,icon_item_shelly_2,4f7b8a8fb970bd4cb356d59fd76bb5fb64e5797a,true,,,5,,accessory,ShotgunGirl_Focus,20,,,common,TID_ACCESSORY_SHELLY_FOCUS,,,,,genicon_health,,,,
Flea_unlock,sc/ui.sc,,Flea,,,11,0,,unlock,,,,,epic,,,,,,,,711,,
Flea_hp,sc/ui.sc,health_icon,Flea,,,,1,,hp,,,,,common,TID_ARMOR,TID_ARMOR_STAT,,,,genicon_health,,,,
Flea_abi,sc/ui.sc,attack_icon,Flea,,,,2,,skill,FleaWeapon,,,,common,TID_FLEA_WEAPON,TID_STAT_BIG_EGG_DAMAGE,,,,genicon_damage,,,,
Flea_ulti,sc/ui.sc,ulti_icon,Flea,,,,3,,skill,FleaUlti,,,,common,TID_FLEA_ULTI,TID_HATCHLING_HEALTH,TID_BIG_EGG_HEALTH,TID_HATCHLING_DAMAGE,TID_HATCHLING_COUNT,genicon_damage,,,,
Flea_unique,sc/ui.sc,,Flea,,,,4,,projectile_reversion,,1,,,common,TID_SPEC_ABI_FLEA_1,,,,,genicon_damage,,,,
Flea_unique_2,sc/ui.sc,,Flea,,,,4,,spawn_pet_on_hit,,100,3,,common,TID_SPEC_ABI_FLEA_2,,,,,genicon_damage,,,,
Flea_Jump,sc/ui.sc,icon_item_eve_1,Flea,,,,5,,accessory,Flea_Jump,1,,,common,TID_ACCESSORY_FLEA_JUMP,,,,,genicon_health,,,,
Flea_Symbiosis,sc/ui.sc,icon_item_eve_2,Flea,,,,5,,accessory,Flea_Symbiosis,1,,,common,TID_ACCESSORY_FLEA_SYMBIOSIS,,,,,genicon_health,,,,
Duplicator_Swap,sc/ui.sc,icon_item_lolla_2,Duplicator,,,,5,,accessory,Duplicator_Swap,1,,,common,TID_ACCESSORY_DUPLICATOR_SWAP,,,,,genicon_health,,,,
Percenter_Lifesteal,sc/ui.sc,icon_item_colette_2,Percenter,,,,5,,accessory,Percenter_Lifesteal,20,35,,common,TID_ACCESSORY_PERCENTER_LIFESTEAL,,,,,genicon_health,,,,
Baseball_Sticky,sc/ui.sc,icon_item_bibi_2,Baseball,,,,5,,accessory,Baseball_Sticky,1,,,common,TID_ACCESSORY_BASEBALL_STICKY,,,,,genicon_health,,,,
Mummy_Acid,sc/ui.sc,icon_item_emz_2,Mummy,,,,5,,accessory,Mummy_Acid,1,0,,common,TID_ACCESSORY_MUMMY_ACID,,,,,genicon_health,,,,
CrossBomber_Burst,sc/ui.sc,icon_item_grom_2,CrossBomber,,,,5,,accessory,CrossBomber_Burst,27,,,common,TID_ACCESSORY_CROSS_BOMBER_BURST,,,,,genicon_health,,,,
SnakeOil_Spread,sc/ui.sc,icon_item_byron_2,SnakeOil,,,,5,,accessory,SnakeOil_Spread,1,3,38,common,TID_ACCESSORY_SNAKE_OIL_SPREAD,,,,,genicon_health,,,,
StickyBomb_Vision,sc/ui.sc,icon_item_squeak_2,StickyBomb,,,,5,,accessory,StickyBomb_Vision,37,,,common,TID_ACCESSORY_STICKY_BOMB_VISION,,,,,genicon_health,,,,
ElectroSniper_Bounce,sc/ui.sc,icon_item_belle_2,ElectroSniper,,,,5,,accessory,ElectroSniper_Bounce,,,,common,TID_ACCESSORY_ELECTRO_SNIPER_BOUNCE,,,,,genicon_health,,,,
KickerDude_Sweep,sc/ui.sc,icon_item_fang_2,KickerDude,,,,5,,accessory,KickerDude_Sweep,17,,,common,TID_ACCESSORY_KICKER_DUDE_SWEEP,,,,,genicon_health,,,,
Knight_Rage,sc/ui.sc,icon_item_ash_2,Knight,,,,5,,accessory,Knight_Rage,1,2,,common,TID_ACCESSORY_KNIGHT_RAGE,,,,,genicon_health,,,,
JetpackGirl_unlock,sc/ui.sc,,JetpackGirl,,,12,0,,unlock,,,,,epic,,,,,,,,712,,
JetpackGirl_hp,sc/ui.sc,health_icon,JetpackGirl,,,,1,,hp,,,,,common,TID_ARMOR,TID_ARMOR_STAT,,,,genicon_health,,,,
JetpackGirl_abi,sc/ui.sc,attack_icon,JetpackGirl,,,,2,,skill,JetpackGirlWeapon,,,,common,TID_JETPACK_GIRL_WEAPON,TID_STAT_DAMAGE,,,,genicon_damage,,,,
JetpackGirl_ulti,sc/ui.sc,ulti_icon,JetpackGirl,,,,3,,skill,JetpackGirlUlti,,,,common,TID_JETPACK_GIRL_ULTI,TID_STAT_DAMAGE,,,,genicon_damage,,,,
JetpackGirl_unique,sc/ui.sc,,JetpackGirl,,,,4,,fly_vision,,12,,,common,TID_SPEC_ABI_JETPACK_GIRL_1,,,,,genicon_damage,,,,
JetpackGirl_unique_2,sc/ui.sc,,JetpackGirl,,,,4,,faster_focus,,30,,,common,TID_SPEC_ABI_JETPACK_GIRL_2,,,,,genicon_damage,,,,
JetpackGirl_DamageTower,sc/ui.sc,icon_item_janet_1,JetpackGirl,,,,5,,accessory,JetpackGirl_DamageTower,39,,,common,TID_ACCESSORY_JETPACK_GIRL_GADGET_1,,,,,genicon_health,,,,
JetpackGirl_JumpAttack,sc/ui.sc,icon_item_janet_2,JetpackGirl,,,,5,,accessory,JetpackGirl_JumpAttack,1,,,common,TID_ACCESSORY_JETPACK_GIRL_GADGET_2,,,,,genicon_health,,,,
CannonGirl_unlock,sc/ui.sc,,CannonGirl,,,,0,,unlock,,,,,epic,,,,,,,,410,,
CannonGirl_hp,sc/ui.sc,health_icon,CannonGirl,,,,1,,hp,,,,,common,TID_ARMOR,TID_ARMOR_STAT,,,,genicon_health,,,,
CannonGirl_abi,sc/ui.sc,attack_icon,CannonGirl,,,,2,,skill,CannonGirlWeapon,,,,common,TID_CANNON_GIRL_WEAPON,TID_STAT_DAMAGE,,,,genicon_damage,,,,
CannonGirl_ulti,sc/ui.sc,ulti_icon,CannonGirl,,,,3,,skill,CannonGirlUlti,,,,common,TID_CANNON_GIRL_ULTI,TID_STAT_DAMAGE,,,,genicon_damage,,,,
CannonGirl_unique,sc/ui.sc,,CannonGirl,,,,4,,super_range,,8,,,common,TID_SPEC_ABI_CANNON_GIRL_1,,,,,genicon_damage,,,,
CannonGirl_unique_2,sc/ui.sc,,CannonGirl,,,,4,,attack_chain_count,,4,,,common,TID_SPEC_ABI_CANNON_GIRL_2,,,,,genicon_damage,,,,
CannonGirl_Speed,sc/ui.sc,icon_item_bonnie_1,CannonGirl,,,,5,,accessory,CannonGirl_Speed,1,2,,common,TID_ACCESSORY_CANNON_GIRL_SPEED,,,,,genicon_health,,,,
CannonGirl_Dash,sc/ui.sc,icon_item_bonnie_2,CannonGirl,,,,5,,accessory,CannonGirl_Dash,4,,,common,TID_ACCESSORY_CANNON_GIRL_DASH,,,,,genicon_health,,,,
CannonGirlSmall_hp,sc/ui.sc,health_icon,CannonGirlSmall,,,,1,,hp,,,,,common,TID_ARMOR,TID_ARMOR_STAT,,,,genicon_health,,,,
CannonGirlSmall_abi,sc/ui.sc,attack_icon,CannonGirlSmall,,,,2,,skill,CannonGirlSmallWeapon,,,,common,TID_CANNON_GIRL_SMALL_WEAPON,TID_STAT_DAMAGE,,,,genicon_damage,,,,
CannonGirlSmall_ulti,sc/ui.sc,ulti_icon,CannonGirlSmall,,,,3,,skill,CannonGirlSmallUlti,,,,common,TID_CANNON_GIRL_SMALL_ULTI,TID_STAT_DAMAGE,,,,genicon_damage,,,,
PowerLeveler_Shield,sc/ui.sc,icon_item_surge_2,PowerLeveler,,,,5,,accessory,PowerLeveler_Shield,20,1,2,common,TID_ACCESSORY_POWER_LEVELER_SHIELD,,,,,genicon_health,,,,
Driller_Rebuild,sc/ui.sc,icon_item_jacky_2,Driller,,,,5,,accessory,Driller_Rebuild,1,,,common,TID_ACCESSORY_DRILLER_REBUILD,,,,,genicon_health,,,,
AssaultShotgun_Projectiles,sc/ui.sc,icon_item_griff_2,AssaultShotgun,true,,,5,,accessory,AssaultShotgun_Projectiles,1,,,common,TID_ACCESSORY_ASSAULT_SHOTGUN_PROJECTILES,,,,,genicon_health,,,,
FireDude_FlameShield,sc/ui.sc,icon_item_amber_2,FireDude,,,,5,,accessory,FireDude_FlameShield,2,41,3,common,TID_ACCESSORY_FIRE_DUDE_FLAME_SHIELD,,,,,genicon_health,,,,
MechaDude_ReloadTower,sc/ui.sc,icon_item_meg_2,MechaDude,,,,5,,accessory,MechaDude_ReloadTower,40,,,common,TID_ACCESSORY_MECHA_DUDE_TOWER_RELOAD,,,,,genicon_health,,,,
RopeDude_Vision,sc/ui.sc,icon_item_buzz_2,RopeDude,true,,,5,,accessory,RopeDude_Vision,1,,,common,TID_ACCESSORY_ROPE_DUDE_VISION,,,,,genicon_health,,,,
Silencer_unlock,sc/ui.sc,,Silencer,,,13,0,,unlock,,,,,epic,,,,,,,,713,,
Silencer_hp,sc/ui.sc,health_icon,Silencer,,,,1,,hp,,,,,common,TID_ARMOR,TID_ARMOR_STAT,,,,genicon_health,,,,
Silencer_abi,sc/ui.sc,attack_icon,Silencer,,,,2,,skill,SilencerWeapon,,,,common,TID_SILENCER_WEAPON,TID_STAT_DAMAGE,,,,genicon_damage,,,,
Silencer_ulti,sc/ui.sc,ulti_icon,Silencer,,,,3,,skill,SilencerUlti,,,,common,TID_SILENCER_ULTI,TID_STAT_DAMAGE,,,,genicon_damage,,,,
Silencer_unique,sc/ui.sc,,Silencer,,,,4,,ulti_silence_duration,,80,,,common,TID_SPEC_ABI_SILENCER_1,,,,,genicon_damage,,,,
Silencer_unique_2,sc/ui.sc,,Silencer,,true,,4,,more_bullets_attack,,500,,,common,TID_SPEC_ABI_SILENCER_2,,,,,genicon_damage,,,,
Silencer_Mine,sc/ui.sc,icon_item_otis_1,Silencer,,,,5,,accessory,Silencer_Mine,,,,common,TID_ACCESSORY_SILENCER_GADGET_1,,,,,genicon_health,,,,
Silencer_BigProjectiles,sc/ui.sc,icon_item_otis_2,Silencer,,true,,5,,accessory,Silencer_BigProjectiles,4,42,,common,TID_ACCESSORY_SILENCER_GADGET_2,,,,,genicon_health,,,,
