Name,LockedForChronos,Disabled,ItemName,WeaponSkill,UltimateSkill,Pet,Speed,Hitpoints,HealthPromilleLostPerSecond,HealPercentChange,LifeTimeTicks,MeleeAutoAttackSplashDamage,AutoAttackSpeedMs,AutoAttackDamage,AutoAttackBulletsPerShot,AutoAttackMode,AutoAttackProjectileSpread,AutoAttackProjectile,AutoAttackRange,RegeneratePerSecond,LowPriorityTarget,UltiChargeMul,UltiChargeUltiMul,Type,CarryableType,DamagerPercentFromAliens,DefaultSkin,ManualRotations,FileName,BlueExportName,RedExportName,ShadowExportName,AreaEffect,DeathAreaEffect,TakeDamageEffect,DeathEffect,MoveEffect,ReloadEffect,OutOfAmmoEffect,DryFireEffect,SpawnEffect,MeleeHitEffect,AutoAttackStartEffect,BoneEffect1,BoneEffect2,BoneEffect3,BoneEffect4,BoneEffectUse,LoopedEffect,LoopedEffect2,KillCelebrationSoundVO,InLeadCelebrationSoundVO,StartSoundVO,UseUltiSoundVO,TakeDamageSoundVO,DeathSoundVO,AttackSoundVO,UnlockVO,UnlockVOIndex,AttackStartEffectOffset,TwoWeaponAttackEffectOffset,ShadowScaleX,ShadowScaleY,ShadowX,ShadowY,ShadowSkew,Scale,HeroScreenScale,FitToBoxScale,EndScreenScale,GatchaScreenScale,HomeScreenScale,ShowPetInHeroScreen,HeroScreenXOffset,HeroScreenZOffset,HeroScreenEmoteX,HeroScreenEmoteY,CollisionRadius,HealthBar,HealthBarOffsetY,FlyingHeight,ProjectileStartZ,StopMovementAfterMS,WaitMS,TID,ForceAttackAnimationToEnd,IconSWF,IconExportName,RecoilAmount,Homeworld,FootstepClip,DifferentFootstepOffset,FootstepIntervalMS,AttackingWeaponScale,UseThrowingLeftWeaponBoneScaling,UseThrowingRightWeaponBoneScaling,CommonSetUpgradeBonus,RareSetUpgradeBonus,SuperRareSetUpgradeBonus,CanWalkOverWater,UseColorMod,RedAdd,GreenAdd,BlueAdd,RedMul,GreenMul,BlueMul,ChargeUltiAutomatically,ChargeUltiFromDamage,VideoLink,ShouldEncodePetStatus,SecondaryPet,ExtraMinions,PetAutoSpawnDelay,PetSpawnCount,HasPowerLevels,OffenseRating,DefenseRating,UtilityRating,UniqueProperty,UniquePropertyValue1,UniquePropertyValue2
string,boolean,boolean,string,string,string,string,int,int,int,int,int,boolean,int,int,int,string,int,string,int,int,boolean,int,int,String,string,int,string,boolean,string,string,string,string,string,string,string,string,string,string,string,string,string,string,string,string,string,string,string,string,string,string,string,string,string,string,string,string,string,string,int,int,int,int,int,int,int,int,int,int,int,int,int,int,boolean,int,int,int,int,int,string,int,int,int,int,int,string,boolean,string,string,int,string,string,int,int,int,boolean,boolean,int,int,int,boolean,boolean,int,int,int,int,int,int,int,int,string,boolean,boolean,int,int,int,boolean,int,int,int,int,int,int
ShotgunGirl,,,shelly,ShotgunGirlWeapon,ShotgunGirlUlti,,720,3800,,,,,,,,,,,12,,,134,112,Hero,,,BanditGirlDefault,,,,,,,,takedamage_gen,death_shotgun_girl,Gen_move_fx,reload_shotgun_girl,No_ammo_shotgungirl,Dry_fire_shotgungirl,,,,,,,,,,,Shelly_Kill,Shelly_Lead,Shelly_Start,Utilshotgun_Vo,ShellyTakedamge_Vo,Shelly_Die,,Shelly_Start,2,30,,80,80,,,35,116,210,284,90,175,260,,,,-25,40,120,Medium,-48,,450,,,TID_SHOTGUN_GIRL,,sc/ui.sc,hero_icon_shelly,1000,human,footstep,25,250,200,,,1,3,2,,,,,,,,,,,ShellyTutorial,,,,,,,4,3,2,,,
Gunslinger,,,colt,GunslingerWeapon,GunslingerUlti,,720,2800,,,,,,,,,,,12,,,93,87,Hero,,,GunSlingerDefault,,,,,,,,takedamage_gen,death_gunslinger,Gen_move_fx,reload_gunslinger,No_ammo_shotgungirl,Dry_fire_shotgungirl,,,,,,,,,,,Hotshot_Kill,Hotshot_Lead,Hotshot_Start,Hotshot_Ulti,Hotshot_Takedamge_Vo,Hotshot_Die,,Hotshot_Start,1,35,50,80,80,,,35,116,210,284,90,185,270,,,,-30,40,120,Medium,-52,,400,,,TID_GUNSLINGER,,sc/ui.sc,hero_icon_colt,300,human,footstep,25,300,160,,,2,3,1,,,,,,,,,,,ColtTutorial,,,,,,,5,2,2,,,
BullDude,,,bull,BullDudeWeapon,BullDudeUlti,,770,5000,,,,,,,,,,,12,,,100,150,Hero,,,BullGuyDefault,,,,,,,,takedamage_gen,death_bull_dude,Gen_move_fx,reload_bull_dude,No_ammo_shotgungirl,Dry_fire_shotgungirl,,,,,,,,,,,Bull_kill,Bull_lead,Bull_start,Bull_ulti,Bull_takedamage_vo,Bull_die,,Bull_start,0,40,,80,80,,,35,116,175,236,80,150,220,,,,-30,45,145,Medium,-64,,450,,,TID_BULL_DUDE,,sc/ui.sc,hero_icon_bull,600,human,footstep,40,300,130,,,1,2,3,,,,,,,,,,240,BullTutorial,,,,,,,3,4,2,,,
RocketGirl,,,brock,RocketGirlWeapon,RocketGirlUlti,,720,2400,,,,,,,,,,,12,,,69,80,Hero,,,RocketGirlDefault,,,,,,,,takedamage_gen,death_rocket_girl,Gen_move_fx,reload_rocket_girl,No_ammo_shotgungirl,Brock_dryfire,,,,,,,,,,,Brock_kill_vo,Brock_lead_vo,Brock_start_vo,Brock_ulti_vo,Brock_hurt_vo,Brock_die_vo,,Brock_start_vo,3,35,,80,80,,,35,116,200,270,90,180,260,,,,-50,,120,Medium,-52,,500,,,TID_ROCKET_GIRL,,sc/ui.sc,hero_icon_brock,300,human,footstep,25,500,100,,,2,3,1,,,,,,,,,,,BrockTutorial,,,,,,,5,2,2,,,
TrickshotDude,,,ricochet,TrickshotDudeWeapon,TrickshotDudeUlti,,720,2800,,,,,,,,,,,12,,,105,105,Hero,,,TrickshotDefault,,,,,,,,takedamage_gen,death_trickshot_dude,Gen_move_fx,reload_trickshot_dude,No_ammo_shotgungirl,dry_fire_mechanic,,,,,,,,,,,Rick_kill,Rick_lead,Rick_start,Rick_ulti,Rick_hurt,Rick_die,,Rick_start,0,60,,80,80,,,35,116,200,280,90,175,260,,,,-40,,120,Medium,-49,,450,,,TID_TRICKSHOT_DUDE,,sc/ui.sc,hero_icon_rick,300,human,footstep,25,300,160,,,2,3,1,,,,,,,,,,,RicoTutorial,,,,,,,5,2,2,,,
Cactus,,,spike,CactusWeapon,CactusUlti,,720,2400,,,,,,,,,,,12,,,103,125,Hero,,,CactusDefault,,,,,,,,takedamage_gen,death_cactus,Gen_move_fx,reload_cactus,No_ammo_shotgungirl,crow_dryfire,,,,,,,,,,,,,,,,,,,,35,,80,80,,,35,116,240,324,80,210,290,,,,,50,120,Medium,-32,,450,,,TID_CACTUS,,sc/ui.sc,hero_icon_spike,0,human,footstep,40,300,100,true,true,2,1,3,,,,,,,,,,,SpikeTutorial,,,,,,,4,2,3,,,
Barkeep,,,barley,BarkeepWeapon,BarkeepUlti,,720,2400,,,,,,,,,,,12,,,100,74,Hero,,,BarkeepDefault,,,,,,,,takedamage_gen,death_barkeep,Gen_move_fx,reload_barkeep,No_ammo_shotgungirl,dry_fire_barkeep,,,,,,,,,,,Barley_Kill,Barley_Lead,Barley_Start,Barley_Ulti,Barley_Hurt,Barley_Die,Barley_throw,Barley_Start,0,,,80,80,,,35,116,190,290,80,180,250,,,,-30,,120,Medium,-45,,350,,,TID_BARKEEP,,sc/ui.sc,hero_icon_barley,0,human,footstep,25,300,100,true,true,2,3,1,,,,,,,,,,,BarleyTutorial,,,,,,,5,2,2,,,
Mechanic,,,jessie,MechanicWeapon,MechanicUlti,,720,3000,,,,,,,,,,,12,,,63,97,Hero,,,MechanicDefault,,,,,,,,takedamage_gen,death_mechanic,Gen_move_fx,reload_mechanic,No_ammo_shotgungirl,dry_fire_mechanic,,,,,,,,,,,Jess_kill,Jess_lead,Jess_start,Jess_ulti,Jess_takedamage,Jess_die,,Jess_start,0,35,,80,80,,,35,116,190,300,80,150,270,true,-800,100,-80,60,120,Medium,-47,,350,,,TID_MECHANIC,,sc/ui.sc,hero_icon_jess,500,human,footstep,20,200,160,,,3,2,1,,,,,,,,,,,JessieTutorial,,,,,,,3,2,4,,,
Shaman,,,nita,ShamanWeapon,ShamanUlti,,720,4000,,,,,,,,,,,12,,,76,100,Hero,,,ShamanDefault,,,,,,,,takedamage_gen,death_shaman,Gen_move_fx,,No_ammo_shotgungirl,dry_fire_barkeep,,,,,,,,,,,Nita_kill,Nita_lead,Nita_start,Nita_ulti,Nita_hurt,Nita_death,,Nita_start,0,35,,80,80,,,35,116,190,250,80,150,270,true,-600,1000,-250,60,120,Medium,-46,,100,,,TID_SHAMAN,,sc/ui.sc,hero_icon_nita,1000,human,footstep,25,250,160,,,3,1,2,,,,,,,,,,,NitaTutorial,,,,,,,3,4,2,,,
TntDude,,,dynamike,TntDudeWeapon,TntDudeUlti,TntPet,770,2800,,,,,,,,,,,12,,,125,91,Hero,,,TntGuyDefault,,,,,,,,takedamage_gen,death_tnt_dude,Gen_move_fx,reload_tnt_dude,No_ammo_shotgungirl,dry_fire_barkeep,,,,,,,,,,,Tnt_guy_kill_vo,Tnt_guy_lead_vo,Tnt_guy_start_vo,Tnt_guy_ulti_vo,Tnt_guy_hurt_vo,Tnt_guy_die_vo,,Tnt_guy_start_vo,2,35,,80,80,,,35,116,190,300,80,150,270,,,,,60,120,Medium,-50,,350,,,TID_TNT_DUDE,,sc/ui.sc,hero_icon_mike,0,human,footstep,25,200,100,true,true,2,1,3,,,,,,,,,,,MikeTutorial,,,,,,,5,2,2,,,
Luchador,,,elprimo,LuchadorWeapon,LuchadorUlti,,770,6000,,,,,,,,,,,12,,,94,125,Hero,,,LuchadorDefault,,,,,,,,takedamage_gen,death_luchador,Gen_move_fx,,No_ammo_shotgungirl,dry_fire_barkeep,,Gen_hit_melee,,,,,,,,,El_primo_kill,El_primo_lead,El_primo_start,El_primo_ulti,El_primo_hurt,El_primo_die,El_primo_atk,El_primo_start,2,50,50,80,80,,,35,116,170,245,90,150,235,,,,-20,-20,145,Medium,-56,,400,,,TID_LUCHADOR,,sc/ui.sc,hero_icon_primo,0,human,footstep,40,250,130,,,1,3,2,,,,,,,,,,240,PrimpTutorial,,,,,,,2,5,2,,,
Undertaker,,,mortis,UndertakerWeapon,UndertakerUlti,,820,3800,,,,,,,,,,,12,,,89,134,Hero,,,UndertakerDefault,,,,,,,,takedamage_gen,death_undertaker,Gen_move_fx,reload_undertaker,No_ammo_shotgungirl,dry_fire_barkeep,,Dummy_effect,,,,,,,,,Mortis_kill,Mortis_lead,Mortis_start,Mortis_ulti_vo,Mortis_hurt,Mortis_die,Mortis_atk_vo,Mortis_start,1,50,,80,80,,,35,130,200,285,95,170,260,,,,,20,120,Medium,-59,,350,,,TID_UNDERTAKER,,sc/ui.sc,hero_icon_mortis,0,human,footstep,25,350,165,,,1,2,3,,,,,,,,,,,MortisTutorial,,,,,,,2,3,4,3,90,6
Crow,,,crow,CrowWeapon,CrowUlti,,820,2400,,,,,,,,,,,12,,,89,75,Hero,,,CrowDefault,,,,,,,,takedamage_gen,death_crow,Gen_move_fx,reload_crow,No_ammo_shotgungirl,crow_dryfire,,,,,,,,,,,Crow_Kill,Crow_Lead,Crow_Start,Crow_Ulti,Crow_Takedamage,Crow_Die,,Crow_Start,0,45,,80,80,,,35,116,230,350,90,210,290,,,,-10,20,120,Medium,-41,,400,,,TID_CROW,,sc/ui.sc,hero_icon_crow,0,human,footstep,20,200,100,,,2,1,3,,,,,,,,,,,CrowTutorial,,,,,,,5,1,3,,,
DeadMariachi,,,poco,DeadMariachiWeapon,DeadMariachiUlti,,720,4000,,,,,,,,,,,12,,,120,150,Hero,,,DeadMariachiDefault,,,,,,,,takedamage_gen,death_dead_mariachi,Gen_move_fx,reload_dead_mariachi,No_ammo_shotgungirl,dry_fire_barkeep,,,,,,,,,,,Poco_kill,Poco_lead,Poco_start,Poco_ulti_vo,Poco_hurt,Poco_die,,Poco_start,1,20,,80,80,,,35,116,200,300,85,180,260,,,,,60,120,Medium,-56,,0,,,TID_DEAD_MARIACHI,,sc/ui.sc,hero_icon_poco,0,human,footstep,25,250,100,,,1,3,2,,,,,,,,,,,PocoTutorial,,,,,,,2,3,4,,,
BowDude,,,bo,BowDudeWeapon,BowDudeUlti,,720,3600,,,,,,,,,,,12,,,80,93,Hero,,,BowDudeDefault,,,,,,,,takedamage_gen,death_bow_dude,Gen_move_fx,reload_bow_dude,No_ammo_shotgungirl,dry_fire_bowdude,,,,,,,,,,,Bo_kill,Bo_lead,Bo_start,Bo_ulti_vo,Bo_hurt,Bo_die,Bo_atk_vo,Bo_start,2,45,,80,80,,,35,106,170,245,75,165,220,,-150,,-40,,120,Medium,-56,,400,,,TID_BOW_DUDE,,sc/ui.sc,hero_icon_bo,0,human,footstep,30,300,100,true,,1,2,3,,,,,,,,,,,BoTutorial,,,,,,,3,2,4,,,
Sniper,,,piper,SniperWeapon,SniperUlti,,720,2400,,,,,,,,,,,12,,,97,90,Hero,,,SniperDefault,,,,,,,,takedamage_gen,death_sniper,Gen_move_fx,reload_sniper,No_ammo_shotgungirl,Minig_dryfire,,,,,,,,,,,Piper_Kill,Piper_Lead,Piper_Start,Piper_Ulti,Piper_Takedamage,Piper_Die,,Piper_Start,0,45,,80,80,,,35,116,200,320,90,190,260,,,,,,120,Medium,-46,,450,,,TID_SNIPER,,sc/ui.sc,hero_icon_piper,100,human,footstep,25,400,160,,,2,3,1,,,,,,,,,,,PiperTutorial,,,,,,,5,1,3,,,
MinigunDude,,,pam,MinigunDudeWeapon,MinigunDudeUlti,,720,4800,,,,,,,,,,,12,,,105,130,Hero,,,MinigunDudeDefault,,,,,,,,takedamage_gen,death_minigun,Gen_move_fx,reload_minigun,No_ammo_shotgungirl,Minig_dryfire,,,,,,,,,,,Pam_kill,Pam_lead,Pam_start,Pam_ulti,Pam_hurt,Pam_die,,Pam_start,2,40,,80,80,,,35,106,170,245,75,150,220,true,-500,,-80,,145,Medium,-59,,450,,,TID_MINIGUN_DUDE,,sc/ui.sc,hero_icon_mj,400,human,footstep,30,400,130,,,1,3,2,,,,,,,,,,,PamTutorial,,,,,,,2,4,3,,,
BlackHole,,,tara,BlackHoleWeapon,BlackHoleUlti,BlackHolePet,720,3200,,,,,,,,,,,12,,,77,90,Hero,,,BlackholeDefault,,,,,,,,takedamage_gen,death_blackhole,Gen_move_fx,reload_blackhole,No_ammo_shotgungirl,Mystic_dryfire,,,,,,,,,,,Tara_kill_vo,Tara_lead_vo,Tara_start_vo,,Tara_hurt_vo,Tara_die_vo,,Tara_start_vo,0,50,,80,80,,,35,120,210,300,90,175,270,,,,-20,30,120,Medium,-59,,450,,,TID_BLACK_HOLE,,sc/ui.sc,hero_icon_taro,400,human,footstep,25,300,130,,,1,2,3,,,,,,,,,,,TaraTutorial,,,,,,,2,2,5,,,
BarrelBot,,,darryl,BarrelBotWeapon,BarrelBotUlti,,770,5300,,,,,,,,,,,12,,,117,120,Hero,,,BarrelbotDefault,,,,,,,,takedamage_gen,death_barrel_bot,Gen_move_fx,reload_barrel_bot,No_ammo_shotgungirl,Dry_fire_shotgungirl,,,,,,,,,,,Darryl_Kill_VO,Darryl_Lead_VO,Darryl_Start_VO,Darryl_Ulti_VO,Darryl_Hurt_VO,Darryl_Die_VO,,Darryl_Start_VO,4,50,0,80,80,,,35,116,190,257,80,175,230,,,,,80,145,Medium,-48,,450,,,TID_BARREL_BOT,,sc/ui.sc,hero_icon_barrelbot,600,human,footstep,40,300,130,,,1,2,3,,,,,,,,,132,,DarrylTutorial,,,,,,,3,4,2,4,18,50
ArtilleryDude,,,penny,ArtilleryDudeWeapon,ArtilleryDudeUlti,,720,3400,,,,,,,,,,,12,,,93,100,Hero,,,ArtilleryGalDefault,,,,,,,,takedamage_gen,death_artillery_dude,Gen_move_fx,reload_artillery_dude,No_ammo_shotgungirl,dry_fire_mechanic,,,,,,,,,,,Penny_kill,Penny_lead,Penny_start,Penny_ulti,Penny_takedamage,Penny_die,,Penny_start,0,35,,80,80,,,35,110,190,290,80,150,260,true,-500,600,-80,60,120,Medium,-45,,400,,,TID_ARTILLERY_DUDE,,sc/ui.sc,hero_icon_penny,500,human,footstep,20,200,160,,,3,2,1,,,,,,,,,,,PennyTutorial,,,,,,,3,2,4,,,
HammerDude,,,frank,HammerDudeWeapon,HammerDudeUlti,,770,7000,,,,,,,,,,,12,,,120,120,Hero,,,FrankDefault,,,,,,,,takedamage_gen,death_hammer_dude,Gen_move_fx,,No_ammo_shotgungirl,dry_fire_barkeep,,,,,,,,,,,Frank_vo,Frank_vo,Frank_vo,Frank_vo,Frank_vo,Frank_vo,Frank_vo,Frank_vo,2,75,,80,80,,,35,110,150,240,80,150,230,,,,,,145,Medium,-60,,100,,,TID_HAMMER_DUDE,,sc/ui.sc,hero_icon_frank,0,human,footstep,40,250,130,,,1,3,2,,,,,,,,,,240,FrankTutorial,,,,,,,2,5,2,,,
HookDude,,,gene,HookWeapon,HookUlti,,720,3600,,,,,,,,,,,12,,,105,100,Hero,,,HookDefault,,,,,,,,takedamage_gen,death_hook_dude,Gen_move_fx,reload_gene,No_ammo_shotgungirl,dry_fire_gene,,,,,,,,,,,Gene_vo,Gene_vo,Gene_vo,Gene_vo,Gene_vo,Gene_vo,,Gene_vo,1,30,,80,80,,,35,116,230,340,90,175,270,,,,,,120,Medium,-36,,350,,,TID_HOOK,,sc/ui.sc,hero_icon_gene,0,human,footstep,25,350,200,,,1,3,2,,,,,,,,,,,GeneTutorial,,,,,,,2,2,5,,,
ClusterBombDude,,,tick,ClusterBombDudeWeapon,ClusterBombDudeUlti,,720,2200,,,,,,,,,,,12,,,110,70,Hero,,,ClusterBombDefault,,,,,,,,takedamage_gen,death_artillery_dude,Gen_move_fx,reload_tick,No_ammo_shotgungirl,Dry_fire_shotgungirl,,,,,,,,,,,Tick_vo_1,Tick_vo_1,Tick_vo_1,Tick_vo_1,Tick_vo_hurt,Tick_vo_die,,Tick_vo_1,0,35,,80,80,,,35,110,230,270,80,150,270,,,,-20,50,120,Medium,-40,,350,,,TID_CLUSTER_BOMB_DUDE,,sc/ui.sc,hero_icon_tick,0,human,footstep,85,300,160,,,3,2,1,,,,,,,,,,,,true,,,,,,5,1,3,,,
Ninja,,,leon,NinjaWeapon,NinjaUlti,,820,3200,,,,,,,,,,,12,,,105,100,Hero,,,NinjaDefault,,,,,,,,takedamage_gen,death_ninja,Gen_move_fx,reload_leon,No_ammo_shotgungirl,Dry_fire_leon,,,,,,,,,,,Leon_kill_vo,Leon_lead_vo,Leon_start_vo,Leon_ulti_vo,Leon_hurt_vo,Leon_die_vo,,Leon_start_vo,2,50,,80,80,,,35,116,190,330,80,150,270,,,,,,120,Medium,-55,,450,,,TID_NINJA,,sc/ui.sc,hero_icon_leon,0,human,footstep,25,250,130,,,3,2,1,,,,,,,,,,,LeonTutorial,,,,,,,4,2,3,,,
Rosa,,,rosa,RosaWeapon,RosaUlti,,770,5400,,,,,,,,,,,12,,,97,100,Hero,,,RosaDefault,,,,,,,,takedamage_gen,death_rosa,Gen_move_fx,reload_rosa,No_ammo_shotgungirl,dry_fire_barkeep,,,,,,,,,,,Rosa_kill,Rosa_lead,Rosa_start,Rosa_ulti_vo,Rosa_hurt,Rosa_die,,Rosa_start,2,50,,80,80,,,35,110,100,245,80,150,240,,,,,50,145,Medium,-55,,400,,,TID_ROSA,,sc/ui.sc,hero_icon_rosa,0,human,footstep,30,400,130,,,3,2,1,,,,,,,,,,,,,,,,,,3,5,1,,,
Whirlwind,,,carl,WhirlwindWeapon,WhirlwindUlti,,720,4400,,,,,,,,,,,12,,,102,60,Hero,,,WhirlwindDefault,,,,,,,,takedamage_gen,death_whirlwind,Gen_move_fx,reload_whirlwind,No_ammo_shotgungirl,Dry_fire_whirlwind,,carl_def_ulti_hit,,,,,,,,,Carl_kill_vo,Carl_lead_vo,Carl_start_vo,Carl_ulti_vo,Carl_hurt_vo,Carl_die_vo,Carl_atk_vo,Carl_start_vo,5,30,,80,80,,,35,110,190,255,80,150,230,,,,-20,60,120,Medium,-48,,450,,,TID_WHIRLWIND,,sc/ui.sc,hero_icon_carl,0,human,,25,50,200,TRUE,TRUE,1,3,2,,,,,,,,,,,,,,,,,,3,3,3,,,
Baseball,,,bibi,BaseballWeapon,BaseballUlti,,820,4200,,,,,,,,,,,12,,,110,112,Hero,,,BaseballDefault,,,,,,,,takedamage_gen,death_baseball,Gen_move_fx,reload_baseball,No_ammo_shotgungirl,dry_fire_barkeep,,bibi_def_atk_hit,,,,,,,,,Bibi_kill_vo,Bibi_lead_vo,Bibi_start_vo,Bibi_ulti_vo,Bibi_hurt_vo,Bibi_die_vo,,Bibi_start_vo,5,30,,80,80,,,35,116,210,320,90,190,270,,,,,60,120,Medium,-48,,450,,,TID_BASEBALL,,sc/ui.sc,hero_icon_bibi,0,human,footstep,25,400,100,,,1,3,2,,,,,,,,,,,,,,,,,,3,3,3,,,
Arcade,,,8bit,ArcadeWeapon,ArcadeUlti,,580,4800,,,,,,,,,,,12,,,106,100,Hero,,,ArcadeDefault,,,,,,,,takedamage_gen,death_arcade,Gen_move_fx,reload_arcade,No_ammo_shotgungirl,arcade_dryfire,,,,,,,,,,,8bit_kill_vo,8bit_lead_vo,8bit_start_vo,8bit_ulti_vo,8bit_hurt_vo,8bit_die_vo,,8bit_start_vo,2,57,,80,80,,,35,116,240,300,80,210,240,true,-500,,,80,145,Medium,-43,,450,,,TID_ARCADE,,sc/ui.sc,hero_icon_8bit,0,human,footstep,30,400,130,,,1,3,2,,,,,,,,,,,,,,,,,,5,1,3,,,
Sandstorm,,,sandy,SandstormWeapon,SandstormUlti,,770,3800,,,,,,,,,,,12,,,63,100,Hero,,,SandstormDefault,,,,,,,,takedamage_gen,death_rosa,Gen_move_fx,reload_sandy,No_ammo_shotgungirl,Dry_fire_sandy,,,,,,,,,,,Sandy_kill_vo,Sandy_lead_vo,Sandy_start_vo,Sandy_ulti_vo,Sandy_hurt_vo,Sandy_die_vo,,Sandy_start_vo,4,50,,80,80,,,35,116,190,330,80,150,270,,,,-10,30,145,Medium,-55,,400,,,TID_SANDSTORM,,sc/ui.sc,hero_icon_sandy,0,human,footstep,30,400,130,,,3,2,1,,,,,,,,,,,,,,,,,,2,2,5,,,
BeeSniper,,,bea,BeeSniperWeapon,BeeSniperUlti,BeeSniperSlowPot,720,2400,,,,,,,,,,,12,,,178,100,Hero,,,BeeSniperDefault,,,,,,,,takedamage_gen,death_sniper,Gen_move_fx,reload_bea,No_ammo_bea,Minig_dryfire,,,,,,,,,,,Bea_Kill_VO,Bea_Lead_VO,Bea_Start_VO,Bea_Ulti_VO,Bea_Hurt_VO,Bea_Die_VO,Bea_Atk_VO,Bea_Start_VO,0,45,50,80,80,,,35,116,200,320,90,190,270,,,,,80,120,Medium,-46,,450,,,TID_BEE_SNIPER,,sc/ui.sc,hero_icon_bea,100,human,footstep,35,350,160,,,2,3,1,,,,,,,,,,,,,,,,,,5,2,2,,,
Mummy,,,emz,MummyWeapon,MummyUlti,,720,3600,,,,,,,,,,,12,,,86,76,Hero,,,MummyDefault,,,,,,,,takedamage_gen,death_shotgun_girl,Gen_move_fx,Emz_reload,No_ammo_shotgungirl,Emz_dryfire,,,,,,,,,,,Emz_kill_vo,Emz_lead_vo,Emz_start_vo,Emz_ulti_vo,Emz_hurt_vo,Emz_die_vo,Emz_atk_vo,Emz_start_vo,3,30,,80,80,,,35,116,210,270,90,175,240,,,,-20,,120,Medium,-48,,450,,,TID_MUMMY,,sc/ui.sc,hero_icon_emz,0,human,footstep,25,250,200,,,1,3,2,,,,,,,,,,,ShellyTutorial,,,,,,,4,2,3,,,
SpawnerDude,,,mr.p,SpawnerDudeWeapon,SpawnerDudeUlti,,720,3000,,,,,,,,,,,12,,,93,86,Hero,,,SpawnerDudeDefault,,,,,,,,takedamage_gen,death_artillery_dude,Gen_move_fx,Mrp_Reload,No_ammo_shotgungirl,Mrp_Dryfire,,,,,,,,,,,Mrp_Kill_VO,Mrp_Lead_VO,Mrp_Lead_VO,Mrp_Ulti_VO,Mrp_Hurt_VO,Mrp_Die_VO,Mrp_Atk_VO,Mrp_Lead_VO,0,35,75,80,80,,,35,110,240,330,90,175,300,true,-500,600,-50,80,120,Medium,-45,,400,,,TID_SPAWNER_DUDE,,sc/ui.sc,hero_icon_mrp,500,human,footstep,30,320,160,,,3,2,1,,,,,,,,,,,PennyTutorial,,,,,,,3,2,4,,,
Speedy,,,max,SpeedyWeapon,SpeedyUlti,,820,3200,,,,,,,,,,,12,,,92,100,Hero,,,SpeedyDefault,,,,,,,,takedamage_gen,death_gunslinger,Gen_move_fx,reload_max,No_ammo_shotgungirl,dry_fire_max,,,,,,,,,,,Max_Kill_VO,Max_Lead_VO,Max_Start_VO,Max_Ulti_VO,Max_Hurt_VO,Max_Die_VO,,Max_Start_VO,2,35,,80,80,,,35,116,210,284,90,185,270,,,,-20,40,120,Medium,-52,,400,,,TID_SPEEDY,,sc/ui.sc,hero_icon_max,300,human,footstep,25,300,160,,,2,3,1,,,,,,,,,,,ColtTutorial,,,,,,,2,2,5,,,
07220d24fa2e06c356cad4e7c6037d70b265010e,,true,shelly,ShotgunGirlWeapon,ShotgunGirlUlti,,720,3800,,,,,,,,,,,12,,,134,112,Hero,,,BanditGirlDefault,,,,,,,,takedamage_gen,death_shotgun_girl,Gen_move_fx,reload_shotgun_girl,No_ammo_shotgungirl,Dry_fire_shotgungirl,,,,,,,,,,,Shelly_Kill,Shelly_Lead,Shelly_Start,Utilshotgun_Vo,ShellyTakedamge_Vo,Shelly_Die,,Shelly_Start,2,30,,80,80,,,35,116,210,284,90,175,260,,,,-25,40,120,Medium,-48,,450,,,TID_SHOTGUN_GIRL,,sc/ui.sc,hero_icon_shelly,1000,human,footstep,25,250,200,,,1,3,2,,,,,,,,,,,ShellyTutorial,,,,,,,4,3,2,,,
Driller,,,jacky,DrillerWeapon,DrillerUlti,,770,5000,,,,,,,,,,,12,,,87,100,Hero,,,DrillerDefault,,,,,,,,takedamage_gen,death_shotgun_girl,Gen_move_fx,reload_jackie,No_ammo_shotgungirl,Jackie_dryfire,,,,,,,,,,,Jackie_Kill_VO,Jackie_Lead_VO,Jackie_Start_VO,Jackie_Ulti_VO,Jackie_Hurt_VO,Jackie_Die_VO,,Jackie_Start_VO,1,50,,80,80,,,35,130,210,350,90,175,310,,,,,,145,Medium,-59,,450,,,TID_DRILLER,,sc/ui.sc,hero_icon_jacky,400,human,footstep,25,300,130,,,1,2,3,,,,,,,,,,240,TaraTutorial,,,,,,,2,5,2,,,
Blower,,,gale,BlowerWeapon,BlowerUlti,,720,3600,,,,,,,,,,,12,,,120,170,Hero,,,BlowerDefault,,,,,,,,takedamage_gen,death_shotgun_girl,Gen_move_fx,reload_gale,No_ammo_shotgungirl,gale_dryfire,,,,,,,,,,,Gale_Kill_VO,Gale_Lead_VO,Gale_Start_VO,Gale_Ulti_VO,Gale_Hurt_VO,Gale_Die_VO,,Gale_Start_VO,0,50,,80,80,,,35,120,210,300,90,175,270,,,,,50,120,Medium,-59,,450,,,TID_BLOWER,,sc/ui.sc,hero_icon_gale,400,human,footstep,25,300,130,,,1,2,3,,,,,,,,,,,TaraTutorial,,,,,,,2,2,5,,,
Controller,,,nani,ControllerWeapon,ControllerUlti,,720,2600,,,,,,,,,,,12,,,100,50,Hero,,,ControllerDefault,,,,,,,,takedamage_gen,death_shotgun_girl,Gen_move_fx,Nani_Reload,No_ammo_shotgungirl,Nani_Dryfire,,,,,,,,,,,Nani_Kill_VO,Nani_Lead_VO,Nani_Start_VO,Nani_Ulti,Nani_Hurt_VO,Nani_Die_VO,,Nani_Start_VO,0,50,,80,80,,,35,100,210,300,90,175,270,,,,-260,100,120,Medium,-59,,250,,,TID_CONTROLLER,,sc/ui.sc,hero_icon_nani,400,human,footstep,25,300,130,,,1,2,3,,,,,,,,,,,TaraTutorial,,,,,,,5,1,3,,,
Wally,,,sprout,WallyWeapon,WallyUlti,,720,3000,,,,,,,,,,,12,,,84,100,Hero,,,WallyDefault,,,,,,,,takedamage_gen,death_shotgun_girl,Gen_move_fx,reload_sprout,No_ammo_shotgungirl,sprout_dryfire,,,,,,,,,,,Sprout_Kill_VO,Sprout_Lead_VO,Sprout_Start_VO,Sprout_Ulti_VO,Sprout_Hurt_VO,Sprout_Die_VO,,Sprout_Start_VO,1,50,,80,80,,,35,120,210,300,90,175,270,,,,,140,120,Medium,-59,,450,,,TID_WALLY,,sc/ui.sc,hero_icon_sprout,400,human,footstep,25,300,130,,,1,2,3,,,,,,,,,,,TaraTutorial,,,,,,,3,2,4,,,
PowerLeveler,,,surge,PowerLevelerWeapon,PowerLevelerUlti,,650,2800,,,,,,,,,,,12,,,120,134,Hero,,,PowerLevelerDefault,,,,,,,,takedamage_gen,death_artillery_dude,Gen_move_fx,Surge_Reload,No_ammo_shotgungirl,Surge_Dryfire,,,,,,,,,,,Surge_Kill_VO,Surge_Lead_VO,Surge_Start_VO,Surge_Ulti_VO,Surge_Hurt_VO,Surge_Die_VO,Surge_Atk_VO,Surge_Start_VO,4,35,,80,80,,,35,90,190,200,80,150,200,,,600,,,120,Medium,-45,,400,,,TID_POWER_LEVELER,,sc/ui.sc,hero_icon_surge,500,human,footstep,20,200,160,,,3,2,1,,,,,,,,,,,PennyTutorial,,,,,,true,5,3,1,,,
Percenter,,,colette,PercenterWeapon,PercenterUlti,,720,3400,,,,,,,,,,,12,,,100,100,Hero,,,PercenterDefault,,,,,,,,takedamage_gen,death_mechanic,Gen_move_fx,reload_mechanic,No_ammo_shotgungirl,dry_fire_mechanic,,,,,,,,,,,Colette_Kill_VO,Colette_Lead_VO,Colette_Start_VO,Colette_Ulti_VO,Colette_Hurt_VO,Colette_Die_VO,,Colette_Start_VO,5,35,,80,80,,,35,116,210,284,90,175,260,,,,-25,40,120,Medium,-48,,400,,,TID_PERCENTER,,sc/ui.sc,hero_icon_colette,500,human,footstep,40,300,160,,,3,2,1,,,,,,,,,,,PennyTutorial,,,,,,,4,2,3,,,
FireDude,,,amber,FireDudeWeapon,FireDudeUlti,,720,3200,,,,,,,,,,,12,,,91,53,Hero,,,FireDudeDefault,,,,,,,,takedamage_gen,death_arcade,Gen_move_fx,Amber_Reload,No_ammo_shotgungirl,Amber_Dryfire,,,,,,,,,,,Amber_Kill_VO,Amber_Lead_VO,Amber_Start_VO,Amber_Ulti_VO,Amber_Hurt_VO,Amber_Die_VO,Amber_Atk_VO,Amber_Start_VO,1,40,,80,80,,,35,116,210,284,90,175,260,true,,,-80,,120,Medium,-59,,450,,,TID_FIRE_DUDE,,sc/ui.sc,hero_icon_amber,400,human,footstep,30,400,130,,,1,3,2,,,,,,,,,,,PamTutorial,,,,,,,5,2,2,,,
IceDude,,,lou,IceDudeWeapon,IceDudeUlti,,720,3200,,,,,,,,,,,12,,,143,100,Hero,,,IceDudeDefault,,,,,,,,takedamage_gen,death_cactus,Gen_move_fx,Lou_Reload,No_ammo_shotgungirl,Lou_Dryfire,,,,,,,,,,,Lou_Kill_VO,Lou_Lead_VO,Lou_Start_VO,Lou_Ulti_VO,Lou_Hurt_VO,Lou_Die_VO,Lou_Atk_VO,Lou_Start_VO,2,35,50,80,80,,,35,116,240,324,80,210,290,,,,,50,120,Medium,-32,,450,,,TID_ICE_DUDE,,sc/ui.sc,hero_icon_lou,0,human,footstep,40,300,100,true,true,2,1,3,,,,,,,,,,,SpikeTutorial,,,,,,,3,1,5,,,
SnakeOil,,,byron,SnakeOilWeapon,SnakeOilUlti,,720,2400,,,,,,,,,,,12,,,131,61,Hero,,,SnakeOilDefault,,,,,,,,takedamage_gen,death_sniper,Gen_move_fx,Byron_Reload,No_ammo_shotgungirl,Byron_Dryfire,,,,,,,,,,,Snakeoil_Kill_VO,Snakeoil_Lead_VO,Snakeoil_Start_VO,Snakeoil_Ulti_VO,Snakeoil_Hurt_VO,Snakeoil_Die_VO,,Snakeoil_Start_VO,0,45,,80,80,,,35,140,230,320,100,190,260,,,,,,120,Medium,-46,,450,,,TID_SNAKE_OIL,,sc/ui.sc,hero_icon_byron,100,human,footstep,25,400,160,,,2,3,1,,,,,,,,,,,PiperTutorial,,,,,,,3,2,4,,,
Enrager,,,edgar,EnragerWeapon,EnragerUlti,,820,2800,,,,,,,,,,,12,,,62,100,Hero,,,EnragerDefault,,,,,,,,takedamage_gen,death_undertaker,Gen_move_fx,Edgar_Reload,No_ammo_shotgungirl,dry_fire_barkeep,,,,,,,,,,,Edgar_Kill_VO,Edgar_Lead_VO,Edgar_Start_VO,Edgar_Ulti_VO,Edgar_Hurt_VO,Edgar_Die_VO,,Edgar_Start_VO,5,50,,80,80,,,35,116,200,285,95,170,260,,,,,20,120,Medium,-59,,350,,,TID_ENRAGER,,sc/ui.sc,hero_icon_edgar,0,human,footstep,25,350,165,,,1,2,3,,,,,,,,,132,,MortisTutorial,,,,,,,5,3,1,,,
Ruffs,,,ruffs,RuffsWeapon,RuffsUlti,,720,2800,,,,,,,,,,,12,,,105,134,Hero,,,RuffsDefault,,,,,,,,takedamage_gen,death_sniper,Gen_move_fx,Ruff_Reload,No_ammo_shotgungirl,Ruff_Dryfire,,,,,,,,,,,Ruff_Kill_VO,Ruff_Lead_VO,Ruff_Start_VO,Ruff_Ulti_VO,Ruff_Hurt_VO,Ruff_Die_VO,,Ruff_Start_VO,1,45,,80,80,,,35,116,200,320,90,190,260,,,,,,120,Medium,-46,,450,,,TID_RUFFS,,sc/ui.sc,hero_icon_ruffs,100,human,footstep,25,400,160,,,2,3,1,,,,,,,,,,,PiperTutorial,,,,,,,2,2,5,,,
Roller,,,stu,RollerWeapon,RollerUlti,,720,2800,,,,,,,,,,,12,,,1000,100,Hero,,,RollerDefault,,,,,,,,takedamage_gen,death_shotgun_girl,Gen_move_fx,Stu_Reload,No_ammo_shotgungirl,Stu_Dryfire,,,,,,,,,,,Stu_Kill_VO,Stu_Lead_VO,Stu_Start_VO,Stu_Ulti_VO,Stu_Hurt_VO,Stu_Die_VO,,Stu_Start_VO,7,30,50,80,80,,,35,130,210,284,90,175,290,,,,-25,40,120,Medium,-48,,450,,,TID_ROLLER,,sc/ui.sc,hero_icon_stu,1000,human,footstep,25,250,200,,,1,3,2,,,,,,,,,,,ShellyTutorial,,,,,,,4,3,2,,,
ElectroSniper,,,belle,ElectroSniperWeapon,ElectroSniperUlti,,720,2600,,,,,,,,,,,12,,,84,200,Hero,,,ElectroSniperDefault,,,,,,,,takedamage_gen,death_shaman,Gen_move_fx,Belle_Reload,No_ammo_shotgungirl,Belle_Dryfire,,,,,,,,,,,Belle_Kill_VO,Belle_Lead_VO,Belle_Start_VO,Belle_Ulti_VO,Belle_Hurt_VO,Belle_Die_VO,,Belle_Start_VO,2,35,,80,80,,,35,116,190,300,80,150,270,,,,,,120,Medium,-46,,100,,,TID_ELECTRO_SNIPER,,sc/ui.sc,hero_icon_belle,1000,human,footstep,25,250,100,,,3,1,2,,,,,,,,,,,NitaTutorial,,,,,,,5,1,3,,,
StickyBomb,,,squeak,StickyBombWeapon,StickyBombUlti,,720,3600,,,,,,,,,,,12,,,93,50,Hero,,,StickyBombDefault,,,,,,,,takedamage_gen,death_crow,Gen_move_fx,reload_crow,No_ammo_shotgungirl,crow_dryfire,,,,,,,,,,,Squeak_Kill_VO,Squeak_Lead_VO,Squeak_Start_VO,,Squeak_Hurt_VO,Squeak_Die_VO,,Squeak_Start_VO,3,45,,80,80,,,35,116,230,350,90,210,290,,,,-10,20,120,Medium,-41,,400,,,TID_STICKY_BOMB,,sc/ui.sc,hero_icon_squeak,0,human,footstep,20,200,100,true,true,2,1,3,,,,,,,,,,,CrowTutorial,,,,,,,4,2,3,,,
CrossBomber,,,grom,CrossBomberWeapon,CrossBomberUlti,,720,3000,,,,,,,,,,,12,,,75,48,Hero,,,CrossBomberDefault,,,,,,,,takedamage_gen,death_crow,Gen_move_fx,Grom_Reload,No_ammo_shotgungirl,Grom_Dryfire,,,,,,,,,,,Grom_Kill_VO,Grom_Lead_VO,Grom_Start_VO,Grom_Ulti_VO,Grom_Hurt_VO,Grom_Die_VO,,Grom_Start_VO,,45,,80,80,,,35,116,170,245,90,150,235,,,,-10,20,120,Medium,-41,,400,,,TID_CROSS_BOMBER,,sc/ui.sc,hero_icon_grom,0,human,footstep,20,200,100,true,true,2,1,3,,,,,,,,,,,CrowTutorial,,,,,,,4,2,3,,,
RopeDude,,,buzz,RopeDudeWeapon,RopeDudeUlti,,770,4200,,,,,,,,,,,12,,,96,100,Hero,,,RopeDudeDefault,,,,,,RopeDudeSuperChargeArea,,takedamage_gen,death_rosa,Gen_move_fx,reload_rosa,No_ammo_shotgungirl,dry_fire_barkeep,,,,,,,,,,,Buzz_Kill_VO,Buzz_Lead_VO,Buzz_Start_VO,Buzz_Ulti_VO,Buzz_Hurt_VO,Buzz_Die_VO,,Buzz_Start_VO,2,50,,80,80,,,35,116,210,330,90,210,300,,,,,50,120,Medium,-55,,400,,,TID_ROPE_DUDE,,sc/ui.sc,hero_icon_buzz,0,human,footstep,30,400,130,,,3,2,1,,,,,,,,,,,,,,,,,,3,2,4,,,
AssaultShotgun,,,griff,AssaultShotgunWeapon,AssaultShotgunUlti,,720,3400,,,,,,,,,,,12,,,130,102,Hero,,,AssaultShotgunDefault,,,,,,,,takedamage_gen,death_shotgun_girl,Gen_move_fx,Griff_Reload,No_ammo_shotgungirl,Dry_fire_shotgungirl,,,,,,,,,,,Griff_Kill_VO,Griff_Lead_VO,Griff_Start_VO,Griff_Ulti_VO,Griff_Hurt_VO,Griff_Die_VO,,Griff_Start_VO,2,30,,80,80,,,35,100,180,240,80,150,200,,,,-25,40,120,Medium,-48,,450,,,TID_ASSAULT_SHOTGUN,,sc/ui.sc,hero_icon_griff,1000,human,footstep,25,250,200,,,1,3,2,,,,,,,,,,,ShellyTutorial,,,,,,,5,3,1,,,
Knight,,,ash,KnightWeapon,KnightUlti,,720,5400,,,,,,,,,,,12,,,84,50,Hero,,,KnightDefault,,,,,,,,takedamage_gen,death_baseball,Gen_move_fx,reload_baseball,No_ammo_shotgungirl,dry_fire_barkeep,,bibi_def_atk_hit,,,,,,,,,Ash_Kill_VO,Ash_Lead_VO,Ash_Start_VO,Ash_Ulti_VO,Ash_Hurt_VO,Ash_Die_VO,,Ash_Start_VO,0,75,,80,80,,,35,110,200,250,90,190,250,,,,-250,75,145,Medium,-48,,0,,,TID_KNIGHT,,sc/ui.sc,hero_icon_ash,0,human,footstep,25,400,100,,,1,3,2,,,,,,,,,,,,,,,,,,5,3,1,1,,
MechaDude,,,meg,MechaDudeWeapon,MechaDudeUlti,MechaDudeBig,770,2200,,,,,,,,,,,12,,,170,100,Hero,,,MechaDudeDefault,,,,,,,,takedamage_gen,death_sniper,Gen_move_fx,Meg_Reload,No_ammo_shotgungirl,Meg_Dryfire,,,,,,,,,,,Meg_kill_vo,Meg_lead_vo,Meg_start_vo,Meg_ulti_vo,Meg_hurt_vo,Meg_die_vo,,Meg_start_vo,0,45,50,80,80,,,35,116,190,250,80,150,270,true,700,1000,25,0,120,Medium,-46,,450,,,TID_MECHA_DUDE,,sc/ui.sc,hero_icon_meg,100,human,footstep,35,350,160,,,2,3,1,,,,,,,,,,,,,,,,,,4,3,2,,,
Duplicator,,,lolla,DuplicatorWeapon,DuplicatorUlti,,720,3800,,,,,,,,,,,12,,,104,50,Hero,,,DuplicatorDefault,,,,,,,,takedamage_gen,death_shaman,Gen_move_fx,diva_reload,No_ammo_shotgungirl,dry_fire_barkeep,,,,,,,,,,,Lolla_Kill_VO,Lolla_Lead_VO,Lolla_Start_VO,Lolla_Ulti_VO,Lolla_Hurt_VO,Lolla_Die_VO,,Lolla_Start_VO,0,35,,80,80,,,35,116,190,250,80,150,270,,0,0,-250,60,120,Medium,-46,,100,,,TID_DUPLICATOR,,sc/ui.sc,hero_icon_lolla,1000,human,footstep,25,250,160,,,3,1,2,,,,,,,,,,,NitaTutorial,,,,,,,4,2,3,,,
KickerDude,,,fang,KickerDudeWeapon,KickerDudeUlti,,770,4500,,,,,,,,,,,12,,,72,67,Hero,,,KickerDudeDefault,,,,,,,,takedamage_gen,death_luchador,Gen_move_fx,Fang_Reload,No_ammo_shotgungirl,Fang_Dryfire,,fang_hit_melee,,,,,,,,,Fang_Kill_VO,Fang_Lead_VO,Fang_Start_VO,Fang_Ulti_VO,Fang_Hurt_VO,Fang_Die_VO,Fang_Atk_VO,Fang_Start_VO,2,50,,80,80,,,35,116,200,285,95,170,260,,,,-20,-20,145,Medium,-56,,400,,,TID_KICKER_DUDE,,sc/ui.sc,hero_icon_fang,0,human,footstep,40,250,130,,,1,3,2,,,,,,,,,,,PrimpTutorial,,,,,,,5,3,1,,,
4f7b8a8fb970bd4cb356d59fd76bb5fb64e5797a,,true,shelly,ShotgunGirlWeapon,ShotgunGirlUlti,,720,3800,,,,,,,,,,,12,,,134,112,Hero,,,BanditGirlDefault,,,,,,,,takedamage_gen,death_shotgun_girl,Gen_move_fx,reload_shotgun_girl,No_ammo_shotgungirl,Dry_fire_shotgungirl,,,,,,,,,,,Shelly_Kill,Shelly_Lead,Shelly_Start,Utilshotgun_Vo,ShellyTakedamge_Vo,Shelly_Die,,Shelly_Start,2,30,,80,80,,,35,116,210,284,90,175,260,,,,-25,40,120,Medium,-48,,450,,,TID_SHOTGUN_GIRL,,sc/ui.sc,hero_icon_shelly,1000,human,footstep,25,250,200,,,1,3,2,,,,,,,,,,,ShellyTutorial,,,,,,,4,3,2,,,
Flea,,,eve,FleaWeapon,FleaUlti,,720,3000,,,,,,,,,,,12,,,144,50,Hero,,,FleaDefault,,,,,,,,takedamage_gen,death_artillery_dude,Gen_move_fx,Flea_Reload_Sfx,No_ammo_shotgungirl,Flea_Dryfire_Sfx,,,,,,,,,,,Flea_Kill_VO,Flea_Lead_VO,Flea_Start_VO,Flea_Ulti_VO,Flea_Hurt_VO,Flea_Die_VO,,Flea_Lead_VO,0,35,75,80,80,,,35,60,150,150,45,120,130,,0,0,-50,80,120,Medium,-56,,400,,,TID_FLEA,,sc/ui.sc,hero_icon_eve,500,human,footstep,30,320,160,,,3,2,1,true,,,,,,,,,,PennyTutorial,,,9,,,,2,2,5,,,
848a9f9a0ad0162a10f946a9c708b5f5a1b4d9f0,,true,shelly,ShotgunGirlWeapon,ShotgunGirlUlti,,720,3800,,,,,,,,,,,12,,,134,112,Hero,,,BanditGirlDefault,,,,,,,,takedamage_gen,death_shotgun_girl,Gen_move_fx,reload_shotgun_girl,No_ammo_shotgungirl,Dry_fire_shotgungirl,,,,,,,,,,,Shelly_Kill,Shelly_Lead,Shelly_Start,Utilshotgun_Vo,ShellyTakedamge_Vo,Shelly_Die,,Shelly_Start,2,30,,80,80,,,35,116,210,284,90,175,260,,,,-25,40,120,Medium,-48,,450,,,TID_SHOTGUN_GIRL,,sc/ui.sc,hero_icon_shelly,1000,human,footstep,25,250,200,,,1,3,2,,,,,,,,,,,ShellyTutorial,,,,,,,4,3,2,,,
TutorialDummy,,,,,,,0,700,,,,,,,,,,,12,,,,,Minion_Building,,,MeleeBotDefault,,,,,,,,takedamage_gen,nuts_bolts_metal_explosion,Gen_move_fx,,No_ammo_shotgungirl,,tutorial_robo_spawn,,,,,,,,,,,,,,,,,,,35,,80,80,,,35,140,,,,,,,,,,,145,Medium,-60,,350,,,,,,,,,footstep,25,400,160,,,,,,,,,,,,,,,,,,,,,,,,,,,,
TutorialDummy2,,,,,,,0,700,,,,,,,,,,,12,,,,,Minion_Building_charges_ulti,,,MeleeBotDefault,,,,,,,,takedamage_gen,nuts_bolts_metal_explosion,Gen_move_fx,,,,tutorial_robo_spawn,,,,,,,,,,,,,,,,,,,35,,80,80,,,35,140,,,,,,,,,,,145,Medium,-60,,350,,,,,,,,,footstep,25,400,160,,,,,,,,,,,,,,,,,,,,,,,,,,,,
MechanicTurret,,,,,,,0,3000,,,,,300,260,,,30,MechanicTurretProjectile,27,,,1,,Minion_Building,,,TurretDefault,,,,,,,,nuts_bolts_metal_small,nuts_bolts_metal_explosion,,,,,SpawnTurret,,jessie_def_turret_atk,,,,,,,,,,,,,,,,,35,,75,75,,,25,116,220,297,,,,,1000,-400,,,120,Medium,-32,,220,,,,,,,,,footstep,25,400,160,,,,,,,,,,,,,,,,,,,,,,,,,,,,
HealingStation,,,,,,,0,2800,,,,,,,,,,,12,,,,,Minion_Building,,,HealstationDefault,,,,,,HealingStationHeal,,nuts_bolts_metal_small,nuts_bolts_metal_explosion,,,,,pam_def_ulti_spawn,,,,,,,,,,,,,,,,,,,,,75,75,,,25,110,100,200,,,,,1400,-500,,,120,Medium,-49,,300,,,,,,,,,footstep,25,400,160,,,,,,,,,,,,,,,,,,,,,,,,,,,,
Safe,,,,,,,0,40000,,,,,700,,,,,,20,,,,,Pvp_Base,,,Safe,,,,,,,,nuts_bolts_metal_small,safe_explosion,,,,,,,,,,,,,,,,,,,,,,,,,,100,-100,0,0,0,84,,,,,,,,,,,160,Medium,-75,,300,,,,,,,,,footstep,25,400,160,,,,,,,,,,,,,,,,,,,,,,,,,,,,
ExplodingBarrel,,,,,,,0,12000,,,,,,,,,,,,,,,,Minion_Building,,,,,sc/level.sc,tnt_box,tnt_box,tnt_box_shadow,,ExplodingBarrelExplosion,,,,,,,,,,,,,,,,,,,,,,,,,,35,,100,-100,0,0,0,95,,,,,,,,,,,145,Medium,-59,,350,,,,,,,,,footstep,25,400,160,,,,,,,,,,,,,,,,,,,,,,,,,,,,
PoisonBarrel,,,,,,,0,2,,,,,,,,,,,,,,,,Minion_Building,,,Safe,,,,,,,PoisonBarrelExplosion,,,,,,,,,,,,,,,,,,,,,,,,,,35,,80,80,,,35,106,,,,,,,,,,,145,,0,,350,,,,,,,,,footstep,25,400,160,,,,,,,,,,,,,,,,,,,,,,,,,,,,
ShamanPet,,,,,,,610,4000,,,,,600,400,,,,,6,,,1,,Minion_FindEnemies,,,ShamanBearDefault,,,,,,,,,death_bull_dude,Gen_move_fx,,,,nita_def_ulti_spawn,,bear_attack,,,,,,,,,,,,,,,,,30,,85,80,,,25,106,200,280,,,,,500,-1250,,,145,Medium,-63,,100,,,,,,,,,footstep,25,250,160,,,,,,,,,,,,,,,,,,,,,,,,,,,,
BoneThrowerPet,,,,,,,870,4000,,,,,300,600,,,,,6,1200,,,,Minion_Dog,,,ShamanBearDefault,,,,,,,,,death_bull_dude,Gen_move_fx,,,,nita_def_ulti_spawn,,bear_attack,,,,,,,,,,,,,,,,,30,,85,80,,,25,84,,,,,,,,,,,120,Medium,-43,,,,,,,,,,,footstep,25,250,160,,,,,,,,,,,,,,,,,,,,,,,,,,,,
LaserBall,,,,,,,0,1,,,,,,,,,,,,,,,,Carryable,LaserBall,,BallDefault,,,,,,,,,laser_ball_goal,,,,,,,,,,,,,,,,,,,,,,,,,,80,80,,,25,179,,,,,,,,,,,120,,0,,,,,,,,,,,,,,160,,,,,,,,,,,,,,,,,,,,,,,,,,,,
LootBox,,,,,,,0,4300,,,,,,,,,,,,,true,,,LootBox,,,LootBox,,,,,,,,,Gen_wood_explosion,,,,,,,,,,,,,,,,,,,,,,,,35,,100,-100,0,0,0,95,,,,,,,,,,,145,Medium,-40,,350,,,,,,,,,footstep,25,400,160,,,,,,,,,,,,,,,,,,,,,,,,,,,,
TutorialDummy3,,,,,,,0,4000,,,,,,,,,,,12,,,,,Minion_Building_charges_ulti,,,BossBotDefault,,,,,,,,takedamage_gen,boss_explosion,Gen_move_fx,,,,tutorial_robo_spawn,,,,,,,,,,,,,,,,,,,35,,80,80,,,35,200,,,,,,,,,,,145,Medium,-75,,350,,,,,,,,,footstep,25,400,160,,,,,,,,,,,,,,,,,,,,,,,,,,,,
ArtilleryDudeTurret,,,,,,,0,2800,,,,,2500,1200,,,,ArtilleryDudeTurretProjectile,40,,,1,,Minion_Building,,,ArtilleryTurretDefault,,,,,,,,nuts_bolts_metal_small,nuts_bolts_metal_explosion,,,,,penny_def_ulti_spawn,,penny_def_turret_atk,,,,,,,,,,,,,,,,,35,,75,75,,,25,116,180,243,,,,,1000,-1400,,,120,Medium,-32,,150,,,,,,,,,footstep,25,400,160,,,,,,,,,,,,,,,,,,,,,,,,,,,,
CoopMeleeEnemy1,,,,,,,600,4800,,,,,400,260,,,,,5,,,,,Minion_FindEnemies,,,MeleeBotDefault,,,,,,,,nuts_bolts_metal_small,nuts_bolts_metal_explosion,Gen_move_fx,,,,robo_spawn,,coop_melee_attack,,,,,,,,,,,,,,,,,30,70,85,80,,,25,127,200,270,,,,,,,,,120,Medium,-54,,,,,,,,,,,footstep,25,250,130,,,,,,,,,,,,,,,,,,,,,,,,,,,,
CoopMeleeEnemy2,,,,,,,600,6800,,,,,400,470,,,,,5,,,,,Minion_FindEnemies,,,MeleeBotDefault,,,,,,,,nuts_bolts_metal_small,nuts_bolts_metal_explosion,Gen_move_fx,,,,robo_spawn,,coop_melee_attack,,,,,,,,,,,,,,,,,30,70,85,80,,,25,148,200,270,,,,,,,,,145,Medium,-59,,,,,,,,,,,footstep,25,250,130,,,,,,,true,30,,30,255,120,255,,,,,,,,,,,,,,,
CoopMeleeEnemy3,,,,,,,600,11000,,,,,400,600,,,,,6,,,,,Minion_FindEnemies,,,MeleeBotDefault,,,,,,,,nuts_bolts_metal_small,nuts_bolts_metal_explosion,Gen_move_fx,,,,robo_spawn,,coop_melee_attack,,,,,,,,,,,,,,,,,30,70,85,80,,,25,169,200,270,,,,,,,,,170,Medium,-65,,,,,,,,,,,footstep,25,250,130,,,,,,,true,100,,,255,140,140,,,,,,,,,,,,,,,
CoopMeleeEnemy4,,,,,,,600,16200,,,,,400,730,,,,,6,,,,,Minion_FindEnemies,,,MeleeBotDefault,,,,,,,,nuts_bolts_metal_small,nuts_bolts_metal_explosion,Gen_move_fx,,,,robo_spawn,,coop_melee_attack,,,,,,,,,,,,,,,,,30,70,85,80,,,25,190,200,270,,,,,,,,,195,Medium,-70,,,,,,,,,,,footstep,25,250,130,,,,,,,true,150,100,,255,255,180,,,,,,,,,,,,,,,
CoopFastMeleeEnemy1,,,,,,,900,3000,,,,,600,400,,,,,5,,,,,Minion_FindEnemies,,,MeleeFastBotDefault,,,,,,,,nuts_bolts_metal_small,nuts_bolts_metal_explosion,Gen_move_fx,,,,robo_spawn,,coop_fast_melee_attack,,,,,,,,,,,,,,,,,30,,85,80,,,25,106,200,270,,,,,,,,,100,Medium,-43,,,,,,,,,,,footstep,25,250,130,,,,,,,,,,,,,,,,,,,,,,,,,,,,
CoopFastMeleeEnemy2,,,,,,,900,5400,,,,,600,720,,,,,5,,,,,Minion_FindEnemies,,,MeleeFastBotDefault,,,,,,,,nuts_bolts_metal_small,nuts_bolts_metal_explosion,Gen_move_fx,,,,robo_spawn,,coop_fast_melee_attack,,,,,,,,,,,,,,,,,30,,85,80,,,25,127,200,270,,,,,,,,,120,Medium,-49,,,,,,,,,,,footstep,25,250,130,,,,,,,true,30,,30,255,120,255,,,,,,,,,,,,,,,
CoopFastMeleeEnemy3,,,,,,,900,6900,,,,,600,920,,,,,6,,,,,Minion_FindEnemies,,,MeleeFastBotDefault,,,,,,,,nuts_bolts_metal_small,nuts_bolts_metal_explosion,Gen_move_fx,,,,robo_spawn,,coop_fast_melee_attack,,,,,,,,,,,,,,,,,30,,85,80,,,25,148,200,270,,,,,,,,,140,Medium,-54,,,,,,,,,,,footstep,25,250,130,,,,,,,true,100,,,255,140,140,,,,,,,,,,,,,,,
CoopFastMeleeEnemy4,,,,,,,900,10080,,,,,600,1120,,,,,6,,,,,Minion_FindEnemies,,,MeleeFastBotDefault,,,,,,,,nuts_bolts_metal_small,nuts_bolts_metal_explosion,Gen_move_fx,,,,robo_spawn,,coop_fast_melee_attack,,,,,,,,,,,,,,,,,30,,85,80,,,25,169,200,270,,,,,,,,,160,Medium,-59,,,,,,,,,,,footstep,25,250,130,,,,,,,true,150,100,,255,255,180,,,,,,,,,,,,,,,
CoopRangedEnemy1,,,,,,,750,2000,,,,,1400,630,,,30,CoopRangedEnemyProjectile,27,,,,,Minion_FindEnemies,,,RangedBotDefault,,,,,,,,nuts_bolts_metal_small,nuts_bolts_metal_explosion,Gen_move_fx,,,,robo_spawn,,coop_ranged_attack,,,,,,,,,,,,,,,,,30,,85,80,,,25,127,200,270,,,,,,,,,100,Medium,-49,,350,,,,,,,,,footstep,25,250,130,,,,,,,,,,,,,,,,,,,,,,,,,,,,
CoopRangedEnemy2,,,,,,,750,3600,,,,,1400,1130,,,30,CoopRangedEnemyProjectile,27,,,,,Minion_FindEnemies,,,RangedBotDefault,,,,,,,,nuts_bolts_metal_small,nuts_bolts_metal_explosion,Gen_move_fx,,,,robo_spawn,,coop_ranged_attack,,,,,,,,,,,,,,,,,30,,85,80,,,25,148,200,270,,,,,,,,,120,Medium,-54,,350,,,,,,,,,footstep,25,250,130,,,,,,,true,30,,30,255,120,255,,,,,,,,,,,,,,,
CoopRangedEnemy3,,,,,,,750,4600,,,,,1400,1450,,,30,CoopRangedEnemyProjectile,27,,,,,Minion_FindEnemies,,,RangedBotDefault,,,,,,,,nuts_bolts_metal_small,nuts_bolts_metal_explosion,Gen_move_fx,,,,robo_spawn,,coop_ranged_attack,,,,,,,,,,,,,,,,,30,,85,80,,,25,169,200,270,,,,,,,,,140,Medium,-59,,350,,,,,,,,,footstep,25,250,130,,,,,,,true,100,,,255,140,140,,,,,,,,,,,,,,,
CoopRangedEnemy4,,,,,,,750,6700,,,,,1400,1760,,,30,CoopRangedEnemyProjectile,27,,,,,Minion_FindEnemies,,,RangedBotDefault,,,,,,,,nuts_bolts_metal_small,nuts_bolts_metal_explosion,Gen_move_fx,,,,robo_spawn,,coop_ranged_attack,,,,,,,,,,,,,,,,,30,,85,80,,,25,190,200,270,,,,,,,,,160,Medium,-65,,350,,,,,,,,,footstep,25,250,130,,,,,,,true,150,100,,255,255,180,,,,,,,,,,,,,,,
TntPet,,,,,,,770,2400,,,,,600,400,,,30,ShotgunGirlPetProjectile,22,320,,,,Minion_FollowOwner,,,TntPetDefault,,,,,,,,,death_shotgun_girl,Gen_move_fx,,,,,,bear_attack,,,,,,,,,,,,,,,,,30,,85,80,,,25,43,200,270,,,,,,,,,90,Medium,-11,,350,,,,,,,,,footstep,25,250,160,,,,,,,,,,,,,,,,,,,,,,,,,,,,
BlackHolePet,,,,,,,870,3000,,,,,600,800,,,,,5,,,,,Minion_FindEnemies,,,BlackholePetDefault,,,,,,,,,death_shotgun_girl,,,,,tara_def_ulti_starPower_spawn,,bear_attack,,,,,,sparkle_trail_dark_minion,,,,,,,,,,,30,,85,80,,,25,95,200,270,,,,,,,,,90,Medium,-43,,350,,,,,,,,,,25,250,160,,,,,,,,,,,,,,,,,,,,,,,,,,,,
CoopBoss1,,,,BossRapidFire,BossCharge,,600,45000,,,,,400,600,,,,,8,,,,,Npc_Boss,,,BigBotDefault,,,,,,,,nuts_bolts_metal_small,boss_explosion,Gen_move_fx,,,,robo_spawn,,coop_melee_attack,,,,,,,,,,,,,,,,,30,150,85,80,,,25,250,200,270,,,,,,,,,220,Medium,-100,,500,,,,,,,,,footstep,60,400,160,,,,,,,,,,,,,,,,,,,,,,,,,,,,
CoopBoss2,,,,BossRapidFire2,BossCharge,,600,55000,,,,,400,640,,,,,9,,,,,Npc_Boss,,,BigBotDefault,,,,,,,,nuts_bolts_metal_small,boss_explosion,Gen_move_fx,,,,robo_spawn,,coop_melee_attack,,,,,,,,,,,,,,,,,30,150,85,80,,,25,300,200,270,,,,,,,,,250,Medium,-120,,500,,,,,,,,,footstep,60,400,160,,,,,,,true,30,,30,255,120,255,,,,,,,,,,,,,,,
CoopBoss3,,,,BossRapidFire3,BossCharge,,600,65000,,,,,400,680,,,,,9,,,,,Npc_Boss,,,BigBotDefault,,,,,,,,nuts_bolts_metal_small,boss_explosion,Gen_move_fx,,,,robo_spawn,,coop_melee_attack,,,,,,,,,,,,,,,,,30,150,85,80,,,25,350,200,270,,,,,,,,,280,Medium,-140,,500,,,,,,,,,footstep,60,400,160,,,,,,,true,100,,,255,140,140,,,,,,,,,,,,,,,
TutorialExplodingBarrel,,,,,,,0,300,,,,,,,,,,,,,,,,Minion_Building,,,TntBox,,,,,,,ExplodingBarrelExplosion,,,,,,,,,,,,,,,,,,,,,,,,,,35,,100,-100,0,0,0,95,,,,,,,,,,,145,,-59,,350,,,,,,,,,footstep,25,400,160,,,,,,,,,,,,,,,,,,,,,,,,,,,,
EventModifierBoss,,,,,,,600,22800,,,,,400,400,,,,,7,,,,,Minion_FindEnemies2,,,BigBotDefault,,,,,,,,nuts_bolts_metal_small,boss_explosion,Gen_move_fx,,,,robo_spawn,,coop_melee_attack,,,,,,,,,,,,,,,,,35,,85,80,,,25,250,200,270,,,,,,,,,220,Medium,-100,,,,,,,,,,,footstep,25,250,160,,,,,,,,,,,,,,,,,,,,,,,,,,,,
RaidBoss,,,,RaidBossRapidFire,RaidBossCharge,,550,250000,,,,,400,800,,,,,9,,,,,Npc_Boss,,,BossBotDefault,,,,,,,,nuts_bolts_metal_small,boss_explosion,Gen_move_fx,,,,robo_spawn,,coop_melee_attack,,,,,,,,,,,,,,,,,30,150,85,80,,,25,300,200,270,,,,,,,,,280,Medium,-130,,500,,,,,,,,,footstep,60,400,160,,,,,,,,,,,,,,,,,,,,,,,,,,,,
RaidBossMeleeEnemy1,,,,,,,650,3600,,,,,400,260,,,,,5,,,,,Minion_FindEnemies,,,MeleeBotDefault,,,,,,,,nuts_bolts_metal_small,nuts_bolts_metal_explosion,Gen_move_fx,,,,robo_spawn,,coop_melee_attack,,,,,,,,,,,,,,,,,30,70,85,80,,,25,127,200,270,,,,,,,,,120,Medium,-54,,,,,,,,,,,footstep,25,250,130,,,,,,,,,,,,,,,,,,,,,,,,,,,,
RaidBossMeleeEnemy2,,,,,,,650,5100,,,,,400,470,,,,,5,,,,,Minion_FindEnemies,,,MeleeBotDefault,,,,,,,,nuts_bolts_metal_small,nuts_bolts_metal_explosion,Gen_move_fx,,,,robo_spawn,,coop_melee_attack,,,,,,,,,,,,,,,,,30,70,85,80,,,25,148,200,270,,,,,,,,,145,Medium,-59,,,,,,,,,,,footstep,25,250,130,,,,,,,true,30,,30,255,120,255,,,,,,,,,,,,,,,
RaidBossMeleeEnemy3,,,,,,,650,8250,,,,,400,600,,,,,6,,,,,Minion_FindEnemies,,,MeleeBotDefault,,,,,,,,nuts_bolts_metal_small,nuts_bolts_metal_explosion,Gen_move_fx,,,,robo_spawn,,coop_melee_attack,,,,,,,,,,,,,,,,,30,70,85,80,,,25,169,200,270,,,,,,,,,170,Medium,-65,,,,,,,,,,,footstep,25,250,130,,,,,,,true,100,,,255,140,140,,,,,,,,,,,,,,,
RaidBossMeleeEnemy4,,,,,,,650,12150,,,,,400,730,,,,,6,,,,,Minion_FindEnemies,,,MeleeBotDefault,,,,,,,,nuts_bolts_metal_small,nuts_bolts_metal_explosion,Gen_move_fx,,,,robo_spawn,,coop_melee_attack,,,,,,,,,,,,,,,,,30,70,85,80,,,25,190,200,270,,,,,,,,,195,Medium,-70,,,,,,,,,,,footstep,25,250,130,,,,,,,true,150,100,,255,255,180,,,,,,,,,,,,,,,
RaidBossFastMeleeEnemy1,,,,,,,950,2250,,,,,600,400,,,,,5,,,,,Minion_FindEnemies,,,MeleeFastBotDefault,,,,,,,,nuts_bolts_metal_small,nuts_bolts_metal_explosion,Gen_move_fx,,,,robo_spawn,,coop_fast_melee_attack,,,,,,,,,,,,,,,,,30,,85,80,,,25,106,200,270,,,,,,,,,100,Medium,-43,,,,,,,,,,,footstep,25,250,130,,,,,,,,,,,,,,,,,,,,,,,,,,,,
RaidBossFastMeleeEnemy2,,,,,,,950,4050,,,,,600,720,,,,,5,,,,,Minion_FindEnemies,,,MeleeFastBotDefault,,,,,,,,nuts_bolts_metal_small,nuts_bolts_metal_explosion,Gen_move_fx,,,,robo_spawn,,coop_fast_melee_attack,,,,,,,,,,,,,,,,,30,,85,80,,,25,127,200,270,,,,,,,,,120,Medium,-49,,,,,,,,,,,footstep,25,250,130,,,,,,,true,30,,30,255,120,255,,,,,,,,,,,,,,,
RaidBossFastMeleeEnemy3,,,,,,,950,5175,,,,,600,920,,,,,6,,,,,Minion_FindEnemies,,,MeleeFastBotDefault,,,,,,,,nuts_bolts_metal_small,nuts_bolts_metal_explosion,Gen_move_fx,,,,robo_spawn,,coop_fast_melee_attack,,,,,,,,,,,,,,,,,30,,85,80,,,25,148,200,270,,,,,,,,,140,Medium,-54,,,,,,,,,,,footstep,25,250,130,,,,,,,true,100,,,255,140,140,,,,,,,,,,,,,,,
RaidBossFastMeleeEnemy4,,,,,,,950,7560,,,,,600,1120,,,,,6,,,,,Minion_FindEnemies,,,MeleeFastBotDefault,,,,,,,,nuts_bolts_metal_small,nuts_bolts_metal_explosion,Gen_move_fx,,,,robo_spawn,,coop_fast_melee_attack,,,,,,,,,,,,,,,,,30,,85,80,,,25,169,200,270,,,,,,,,,160,Medium,-59,,,,,,,,,,,footstep,25,250,130,,,,,,,true,150,100,,255,255,180,,,,,,,,,,,,,,,
RaidBossRangedEnemy1,,,,,,,800,1500,,,,,1400,630,,,40,RaidBossRangedEnemyProjectile,27,,,,,Minion_FindEnemies,,,RangedBotDefault,,,,,,,,nuts_bolts_metal_small,nuts_bolts_metal_explosion,Gen_move_fx,,,,robo_spawn,,coop_ranged_attack,,,,,,,,,,,,,,,,,30,,85,80,,,25,127,200,270,,,,,,,,,100,Medium,-49,,350,,,,,,,,,footstep,25,250,130,,,,,,,,,,,,,,,,,,,,,,,,,,,,
RaidBossRangedEnemy2,,,,,,,800,2700,,,,,1400,1130,,,40,RaidBossRangedEnemyProjectile,27,,,,,Minion_FindEnemies,,,RangedBotDefault,,,,,,,,nuts_bolts_metal_small,nuts_bolts_metal_explosion,Gen_move_fx,,,,robo_spawn,,coop_ranged_attack,,,,,,,,,,,,,,,,,30,,85,80,,,25,148,200,270,,,,,,,,,120,Medium,-54,,350,,,,,,,,,footstep,25,250,130,,,,,,,true,30,,30,255,120,255,,,,,,,,,,,,,,,
RaidBossRangedEnemy3,,,,,,,800,3450,,,,,1400,1450,,,40,RaidBossRangedEnemyProjectile,27,,,,,Minion_FindEnemies,,,RangedBotDefault,,,,,,,,nuts_bolts_metal_small,nuts_bolts_metal_explosion,Gen_move_fx,,,,robo_spawn,,coop_ranged_attack,,,,,,,,,,,,,,,,,30,,85,80,,,25,169,200,270,,,,,,,,,140,Medium,-59,,350,,,,,,,,,footstep,25,250,130,,,,,,,true,100,,,255,140,140,,,,,,,,,,,,,,,
RaidBossRangedEnemy4,,,,,,,800,5040,,,,,1400,1760,,,40,RaidBossRangedEnemyProjectile,27,,,,,Minion_FindEnemies,,,RangedBotDefault,,,,,,,,nuts_bolts_metal_small,nuts_bolts_metal_explosion,Gen_move_fx,,,,robo_spawn,,coop_ranged_attack,,,,,,,,,,,,,,,,,30,,85,80,,,25,190,200,270,,,,,,,,,160,Medium,-65,,350,,,,,,,,,footstep,25,250,130,,,,,,,true,150,100,,255,255,180,,,,,,,,,,,,,,,
RoboWarsBase,,,,,,,0,25000,,,,,500,700,,,,RoboWarsBaseProjectile,35,,,,,Pvp_Base,,,RoboWarsBaseDefault,,,,,,,,nuts_bolts_metal_small,siege_base_destroyed,,,,,,,siege_base_attack,,,,,,,,,,,,,,,,,40,,100,-100,0,0,0,550,,,,,,,,,,,160,Medium,-75,,300,,,,,,,,,footstep,25,400,160,,,,,,,,,,,,,,,,,,,,,,,,,,,,
RoboWarsBox,,,,,,,0,4000,,,,,,,,,,,,,,,,LootBox,,,RoboWarsBox,,,,,,,,,Gen_wood_explosion,,,,,robo_wars_box_spawn,,,,,,,,,,,,,,,,,,,35,,100,-100,0,0,0,,,,,,,,,,,,145,Medium,-40,,350,,,,,,,,,footstep,25,400,160,,,,,,,,,,,,,,,,,,,,,,,,,,,,
RoboWarsRobo,,,,,,,650,32000,,,,,400,350,,,,,6,,,,,RoboWars,,,BigBotDefault,,,,,,,,nuts_bolts_metal_small,explosion_generic_small,Gen_move_fx,,,,robo_spawn,,coop_melee_attack,,,,,,,,,,,,,,,,,35,,85,80,,,25,250,200,270,,,,,,,,,220,Medium,-100,,,,,,,,,,,footstep,25,250,160,,,,,,,,,,,,,,,,,,,,,,,,,,,,
TrainingDummySmall,,,,,,,0,1500,,,,,,,,,,,12,,,,,Minion_Building_charges_ulti,,,MeleeFastBotDefault,,,,,,,,minion_hit_damage,minion_death_explosion_01,Gen_move_fx,,,,robo_spawn,,,,,,,,,,,,,,,,,,,35,,80,80,,,35,140,,,,,,,,,,,120,Medium,-50,,350,,,,,,,,,footstep,25,400,160,,,,,,,,,,,,,,,,,,,,,,,,,,,,
TrainingDummyMedium,,,,,,,0,4000,,,,,,,,,,,12,,,,,Minion_Building_charges_ulti,,,MeleeBotDefault,,,,,,,,minion_hit_damage,minion_death_explosion_03,Gen_move_fx,,,,robo_spawn,,,,,,,,,,,,,,,,,,,35,,80,80,,,35,140,,,,,,,,,,,120,Medium,-50,,350,,,,,,,,,footstep,25,400,160,,,,,,,,,,,,,,,,,,,,,,,,,,,,
TrainingDummyBig,,,,,,,0,100000,,,,,,,,,,,12,,,,,Minion_Building_charges_ulti,,,BossBotDefault,,,,,,,,minion_hit_damage,minion_death_explosion_04,Gen_move_fx,,,,robo_spawn,,,,,,,,,,,,,,,,,,,35,,80,80,,,35,200,,,,,,,,,,,220,Medium,-75,,350,,,,,,,,,footstep,25,400,160,,,,,,,,,,,,,,,,,,,,,,,,,,,,
TrainingDummyShooting,,,,,,,0,4000,,,,,1400,500,,,,CoopRangedEnemyProjectile,20,,,,,Minion_Building_charges_ulti,,,RangedBotDefault,,,,,,,,minion_hit_damage,minion_death_explosion_02,Gen_move_fx,,,,robo_spawn,,coop_ranged_attack,,,,,,,,,,,,,,,,,50,,85,80,,,25,127,200,270,,,,,,,,,120,Medium,-49,,350,,,,,,,,,footstep,25,250,130,,,,,,,,,,,,,,,,,,,,,,,,,,,,
Train0,,,,,,,0,1,,,,,,,,,,,,,,,,Train,,,MineCart,,,,,,,,,,Gen_move_fx,,,,,,,,,,,,,,,,,,,,,,,,,80,80,,,25,250,,,,,,,,,,,200,,,,,,,,,,,,,,130,50,,,,,,,,,,,,,,,,,,,,,,,,,,,,,
Train1,,,,,,,0,1,,,,,,,,,,,,,,,,Train,,,MineCartB,,,,,,,,,,Gen_move_fx,,,,,,,,,,,,,,,,,,,,,,,,,80,80,,,25,250,,,,,,,,,,,200,,,,,,,,,,,,,,130,50,,,,,,,,,,,,,,,,,,,,,,,,,,,,,
Train2,,,,,,,0,1,,,,,,,,,,,,,,,,Train,,,MineCartC,,,,,,,,,,Gen_move_fx,,,,,,,,,,,,,,,,,,,,,,,,,80,80,,,25,250,,,,,,,,,,,200,,,,,,,,,,,,,,130,50,,,,,,,,,,,,,,,,,,,,,,,,,,,,,
Train3,,,,,,,0,1,,,,,,,,,,,,,,,,Train,,,MineCartD,,,,,,,,,,Gen_move_fx,,,,,,,,,,,,,,,,,,,,,,,,,80,80,,,25,250,,,,,,,,,,,200,,,,,,,,,,,,,,130,50,,,,,,,,,,,,,,,,,,,,,,,,,,,,,
Train4,,,,,,,0,1,,,,,,,,,,,,,,,,Train,,,MineCartE,,,,,,,,,,Gen_move_fx,,,,,,,,,,,,,,,,,,,,,,,,,80,80,,,25,250,,,,,,,,,,,200,,,,,,,,,,,,,,130,50,,,,,,,,,,,,,,,,,,,,,,,,,,,,,
ClusterBombPet,,,,,,,1200,1600,,,,,1000,2000,,,,,,,,1,,Minion_FindEnemies,,,ClusterBombPetDefault,,,,,,,ClusterBombPetExplosion,nuts_bolts_metal_small,nuts_bolts_metal_explosion,,,,,tick_def_ulti_spawn,,,,,,,,,,,,,,,,,,,,,85,80,,,25,150,200,270,,,,,,,,,90,Medium,-43,,,,,,,,,,,,25,250,,,,,,,,,,,,,,,,,,,,,,,,,,,,,
BlackHolePet2,,,,,,,870,2400,,,,,600,400,,,,BlackHolePet2Projectile,15,,,,,Minion_FindEnemies,,,BlackholePetDefault,,,,,,,,,death_shotgun_girl,,,,,tara_def_ulti_starPower_spawn,,,,,,,,sparkle_trail_dark_minion,,,,,,,,,,,30,,85,80,,,25,95,200,270,,,,,,,,,90,Medium,-43,,350,,,,,,,,,,25,250,160,,,,,,,,,,,,,,,,,,,,,,,,,,,,
49c039b18c82880638cd3ba472dc5db3e8cc6f8b,,true,shelly,ShotgunGirlWeapon,ShotgunGirlUlti,,720,3800,,,,,,,,,,,12,,,134,112,Hero,,,BanditGirlDefault,,,,,,,,takedamage_gen,death_shotgun_girl,Gen_move_fx,reload_shotgun_girl,No_ammo_shotgungirl,Dry_fire_shotgungirl,,,,,,,,,,,Shelly_Kill,Shelly_Lead,Shelly_Start,Utilshotgun_Vo,ShellyTakedamge_Vo,Shelly_Die,,Shelly_Start,2,30,,80,80,,,35,116,210,284,90,175,260,,,,-25,40,120,Medium,-48,,450,,,TID_SHOTGUN_GIRL,,sc/ui.sc,hero_icon_shelly,1000,human,footstep,25,250,200,,,1,3,2,,,,,,,,,,,ShellyTutorial,,,,,,,4,3,2,,,
DamageBooster,,,,,,,0,2800,,,,,,,,,,,12,,,,,Minion_Building,,,DamageBoosterDefault,,,,,,DamageBoost,,nuts_bolts_metal_small,nuts_bolts_metal_explosion,,,,,8bit_def_ulti_spawn,,,,,,,,,,,,,,,,,,,,,75,75,,,25,180,220,300,,,,,1400,-500,,,120,Medium,-49,,300,,,,,,,,,footstep,25,400,160,,,,,,,,,,,,,,,,,,,,,,,,,,,,
4028aae4a6bbbdea17608222005fefc028ff7c45,,true,shelly,ShotgunGirlWeapon,ShotgunGirlUlti,,720,3800,,,,,,,,,,,12,,,134,112,Hero,,,BanditGirlDefault,,,,,,,,takedamage_gen,death_shotgun_girl,Gen_move_fx,reload_shotgun_girl,No_ammo_shotgungirl,Dry_fire_shotgungirl,,,,,,,,,,,Shelly_Kill,Shelly_Lead,Shelly_Start,Utilshotgun_Vo,ShellyTakedamge_Vo,Shelly_Die,,Shelly_Start,2,30,,80,80,,,35,116,210,284,90,175,260,,,,-25,40,120,Medium,-48,,450,,,TID_SHOTGUN_GIRL,,sc/ui.sc,hero_icon_shelly,1000,human,footstep,25,250,200,,,1,3,2,,,,,,,,,,,ShellyTutorial,,,,,,,4,3,2,,,
BossRaceBoss,,,,BossRaceBossRapidFire,BossRaceBossCharge,,500,220000,,,,,400,800,,,,,9,,,,,Npc_Boss,,,BossRaceBossDefault,,,,,,,,nuts_bolts_metal_small,boss_explosion,Gen_move_fx,,,,robo_spawn,,coop_melee_attack,,,,,,,,,,,,,,,,,30,150,85,80,,,25,300,200,270,,,,,,,,,280,Medium,-130,,500,,,,,,,,,footstep,60,400,160,,,,,,,,,,,,,,,,,,,,,,,,,,,,
SpawnerDudeTurret,,,,,,SpawnerPet,0,2200,,,,,,,,,,,40,,,,,Minion_Building,,,SpawnerDudeTurretDefault,,,,,,,,nuts_bolts_metal_small,nuts_bolts_metal_explosion,,,,,,,,,,,,,,,,,,,,,,,,35,,75,75,,,25,130,180,243,,,,,1000,-1400,,,120,Medium,-32,,150,,,,,,,,,footstep,25,400,160,,,,,,,,,,,,,,,,,,,,4,,,,,,,,
SpawnerDudeTurret002,,,,,,SpawnerPet002,0,2200,,,,,,,,,,,40,,,,,Minion_Building,,,SpawnerDudeTurretDefault,,,,,,,,nuts_bolts_metal_small,nuts_bolts_metal_explosion,,explosion_pengula,,,,,,,,,,,,,,,,,,,,,,35,,75,75,,,25,130,180,243,,,,,1000,-1400,,,120,Medium,-32,,150,,,,,,,,,footstep,25,400,160,,,,,,,,,,,,,,,,,,,,4,,,,,,,,
SpawnerDudeTurret003,,,,,,SpawnerPet003,0,2200,,,,,,,,,,,40,,,,,Minion_Building,,,SpawnerDudeTurretDefault,,,,,,,,nuts_bolts_metal_small,nuts_bolts_metal_explosion,,explosion_pengula,,,,,,,,,,,,,,,,,,,,,,35,,75,75,,,25,130,180,243,,,,,1000,-1400,,,120,Medium,-32,,150,,,,,,,,,footstep,25,400,160,,,,,,,,,,,,,,,,,,,,4,,,,,,,,
SpawnerPet,,,,,,,800,1400,,,,,700,260,,,,SpawnerPetProjectile,14,,,1,,Minion_FindEnemies,,,SpawnerPetDefault,,,,,,,,,mrp_def_pet_death,Gen_move_fx,,,,nita_def_ulti_spawn,,,,,,,,,,,,,,,,,,,30,,85,80,,,25,150,200,280,,,,,500,-1250,,,145,Medium,-35,,100,,,,,,,,,footstep,25,250,160,,,,,,,,,,,,,,,,,,true,,,,,,,,,,
SpawnerPet002,,,,,,,800,1400,,,,,700,260,,,,SpawnerPet002Projectile,14,,,100,,Minion_FindEnemies,,,SpawnerPetDefault,,,,,,,,,mrp_def_pet_death,Gen_move_fx,explosion_pengula,,,,,,,,,,,,,,,,,,,,,,30,,85,80,,,25,150,200,280,,,,,500,-1250,,,145,Medium,-35,,100,,,,,,,,,footstep,25,250,160,,,,,,,,,,,,,,,,,,true,,,,,,,,,,
SpawnerPet003,,,,,,,800,1400,,,,,700,260,,,,SpawnerPet003Projectile,14,,,100,,Minion_FindEnemies,,,SpawnerPetDefault,,,,,,,,,mrp_def_pet_death,Gen_move_fx,explosion_pengula,,,,,,,,,,,,,,,,,,,,,,30,,85,80,,,25,150,200,280,,,,,500,-1250,,,145,Medium,-35,,100,,,,,,,,,footstep,25,250,160,,,,,,,,,,,,,,,,,,true,,,,,,,,,,
037424c2385e031824f496c787e2ab8f473b70f8,,true,shelly,ShotgunGirlWeapon,ShotgunGirlUlti,,720,3800,,,,,,,,,,,12,,,134,112,Hero,,,BanditGirlDefault,,,,,,,,takedamage_gen,death_shotgun_girl,Gen_move_fx,reload_shotgun_girl,No_ammo_shotgungirl,Dry_fire_shotgungirl,,,,,,,,,,,Shelly_Kill,Shelly_Lead,Shelly_Start,Utilshotgun_Vo,ShellyTakedamge_Vo,Shelly_Die,,Shelly_Start,2,30,,80,80,,,35,116,210,284,90,175,260,,,,-25,40,120,Medium,-48,,450,,,TID_SHOTGUN_GIRL,,sc/ui.sc,hero_icon_shelly,1000,human,footstep,25,250,200,,,1,3,2,,,,,,,,,,,ShellyTutorial,,,,,,,4,3,2,,,
CaptureFlag,,,,,,,0,150,,,,,,,,,,,,,,,,Carryable,CaptureFlag,,TrophyBlueRed,,,,,,,,,mode_gift_goal,,mode_gift_destoryed,,,,,,,,,,,,,,,,,,,,,,,,80,80,,,25,100,,,,,,,,,,,140,Medium,-30,,,,,,,,,,,,,,160,,,,,,,,,,,,,,,,,,,,,,,,,,,,
Bee,,,,,,,0,1,,,,,,,,,,,,,,,,Minion_FollowOwner,,,BeeSniperDefaultAddonBee,,,,,,,,,,,,,,,,,,,,,,,,,,,,,,,,,,,80,80,,,25,116,200,320,90,190,270,,,,,,,,,,,,,,,,,,,,,,,,,,,,,,,,,,,,,,,,,,,,,,,,,,
NinjaFake,,,,,,,820,3200,,,,,,,,,,,12,,,,,Minion_Mirage,,,NinjaDefault,,,,,,,,takedamage_gen,death_ninja,Gen_move_fx,reload_leon,No_ammo_shotgungirl,Dry_fire_leon,,,,,,,,,,,Leon_kill_vo,Leon_lead_vo,Leon_start_vo,Leon_ulti_vo,Leon_hurt_vo,Leon_die_vo,,,,50,,80,80,,,35,116,190,330,80,150,270,,,,,,120,Medium,-55,,450,,,,,,,,,footstep,25,250,130,,,3,2,1,,,,,,,,,,,LeonTutorial,,,,,,,4,2,3,,,
BeeSniperSlowPot,,,,,,,0,1000,,,,,,,,,,,12,,,,,Minion_Building,,,BeeSniperSlowPotDefault,,,,,,BeeSniperSlowArea,,nuts_bolts_metal_small,nuts_bolts_metal_explosion,,,,,gadget_bea_honeypot_spawn,,,,,,,,,,,,,,,,,,,,,75,75,,,25,120,220,300,,,,,1400,-500,,,120,Medium,-49,,300,,,,,,,,,footstep,25,400,160,,,,,,,,,,,,,,,,,,,,,,,,,,,,
BowDudeTotem,,,,,,,0,1000,50,,,,,,,,,,12,,,,,Minion_Building,,,BowDudeTotemDefault,,,,,,BowDudeSuperChargeArea,,nuts_bolts_metal_small,nuts_bolts_metal_explosion,,,,,gadget_bo_totem_spawn,,,,,,,,,,,,,,,,,,,,,75,75,,,25,120,220,300,,,,,1400,-500,,,120,Medium,-49,,300,,,,,,,,,footstep,25,400,160,,,,,,,,,,,,,,,,,,,,,,,,,,,,
ControllerAddon,,,,,,,0,1,,,,,,,,,,,,,,,,Minion_FollowOwner,,,ControllerDefaultAddon,,,,,,,,,,,,,,,,,,,,,,,,,,,,,,,,,,,80,80,,,25,116,210,300,90,175,270,,,,,,,,,,,,,,,,,,,,,,,,,,,,,,,,,,,,,,,,,,,,,,,,,,
RaidBoss_TownCrush,,,,BossTownCrushAoE,BossTownCrushCharge,,550,150000,,,,,400,800,,,,RaidBossTCBasicAttackProjectile,9,,,,,Npc_Boss_TownCrush,,,BossKaijuDefault,,,,,,,,nuts_bolts_metal_small,boss_explosion,Gen_move_fx,,,,robo_spawn,,mode_tc_boss_atk_melee,,,,,,,,,,,,,,,,,30,150,85,80,,,25,100,200,270,,,,,,,,,280,Medium,-130,,500,,,,,,,,,footstep,60,400,160,,,,,,,,,,,,,,,,,,,,,,,,,,,,
RuffsCover,,,,,,,0,2000,,,,,,,,,,,12,,true,,,Minion_Building,,,RuffsCoverDefault,true,,,,,,,nuts_bolts_metal_small,nuts_bolts_metal_explosion,,,,,gadget_bo_totem_spawn,,,,,,,,,,,,,,,,,,,,,75,75,,,25,300,,,,,,,1400,-500,,,120,Medium,-33,,300,,,,,,,,,footstep,25,400,160,,,,,,,,,,,,,,,,,,,,,,,,,,,,
BlackHolePetGadget,,,,,,,870,800,,,,,600,500,,,,,5,,,,,Minion_FindEnemies,,,BlackholePetDefault,,,,,,,,,death_shotgun_girl,,,,,tara_def_ulti_starPower_spawn,,bear_attack,,,,,,sparkle_trail_dark_minion,,,,,,,,,,,30,,85,80,,,25,95,200,270,,,,,,,,,90,Medium,-43,,350,,,,,,,,,,25,250,160,,,,,,,,,,,,,,,,,,,,,,,,,,,,
SpeedBooster,,,,,,,0,1000,,,,,,,,,,,12,,,,,Minion_Building,,,SpeedBoosterDefault,,,,,,SpeedBoost,,nuts_bolts_metal_small,nuts_bolts_metal_explosion,,,,,8bit_def_ulti_spawn,,,,,,,,,,,,,,,,,,,,,75,75,,,25,250,220,300,,,,,1400,-500,,,120,Medium,-49,,300,,,,,,,,,footstep,25,400,160,,,,,,,,,,,,,,,,,,,,,,,,,,,,
SpawnerPetGadget,,,,,,,800,700,,,,,700,200,,,,SpawnerPetProjectile,14,,,1,,Minion_FindEnemies,,,SpawnerPetDefault,,,,,,,,,mrp_def_pet_death,Gen_move_fx,,,,nita_def_ulti_spawn,,,,,,,,,,,,,,,,,,,30,,85,80,,,25,100,200,280,,,,,500,-1250,,,145,Medium,-35,,100,,,,,,,,,footstep,25,250,160,,,,,,,,,,,,,,,,,,true,,,,,,,,,,
HoldingBall,,,,,,,0,100,,,,,,,,,,,,,,,,Carryable,HoldingBall,,Trophy,,,,,,,,,mode_gift_destoryed,,,,,,,,,,,,,,,,,,,,,,,,,,50,50,,,25,100,,,,,,,,,,,200,Medium,-60,,,,,,,,,,,,,,160,,,,,,,,,,,,,,,,,,,,,,,,,,,,
VolleyBall,,,,,,,0,1,,,,,,,,,,,,,,,,Carryable,VolleyBall,,Volleyball,,,,,,,,,laser_ball_goal,,,,,,,,,,,,,,,,,,,,,,,,,,50,50,,,25,100,,,,,,,,,,,320,Medium,-30,,,,,,,,,,,,,,160,,,,,,,,,,,,,,,,,,,,,,,,,,,,
BasketBall,,,,,,,0,1,,,,,,,,,,,,,,,,Carryable,BasketBall,,Basketball,,,,,,,,,mode_gift_destoryed,,,,,,,,,,,,,,,,,,,,,,,,,,50,50,,,25,100,,,,,,,,,,,120,Medium,-30,,,,,,,,,,,,,,160,,,,,,,,,,,,,,,,,,,,,,,,,,,,
CactusCover,,,,,,,0,3500,,,,,,,,,,,12,,,,,Minion_Building,,,CactusCoverDefault,,,,,,,CactusCoverHeal,gadget_spike_cactus_damaged,gadget_spike_cactus_destroyed,,,,,gadget_bo_totem_spawn,,,,,,,,,,,,,,,,,,,,,75,75,,,25,120,220,300,,,,,1400,-500,,,120,Medium,-49,,300,,,,,,,,,footstep,25,400,160,,,,,,,,,,,,,,,,,,,,,,,,,,,,
NinjaInvisibleArea,,,,,,,0,1500,50,,,,,,,,,,12,,,,,Minion_Building,,,NinjaInvisibleAreaDefault,,,,,,NinjaInvisibleArea,,nuts_bolts_metal_small,nuts_bolts_metal_explosion,,,,,gadget_bo_totem_spawn,,,,,,,,,,,,,,,,,,,,,75,75,,,25,120,220,300,,,,,1400,-500,,,120,Medium,-49,,300,,,,,,,,,footstep,25,400,160,,,,,,,,,,,,,,,,,,,,,,,,,,,,
StuDrums,,,,,,,0,1,,,,,,,,,,,,,,,,Minion_Building,,,,,,,,,,,,,,,,,,,,,,,,,,,,,,,,,,,,,,,,,,,,,,,,,,,,,,,,,,,,,,,,,,,,,,,,,,,,,,,,,,,,,,,,,,,,,,,,,,
KnightPet,,,,,,,1200,300,,,,,1000,300,,,,,,,,1,,Minion_FindEnemies,,,KnightPetDefault,,,,,,,KnightPetExplosion,nuts_bolts_metal_small,nuts_bolts_metal_explosion,,,,,ash_def_ulti_spawn,,,,,,,,,,,,,,,,,,,,,85,80,,,25,200,200,270,,,,,,,,,90,Medium,-43,,,,,,,,,,,,25,250,,,,,,,,,,,,,,,,,,,,,,,,,,,,,
MechaDudeBig,,,,MechaDudeBigWeapon,MechaDudeBigUlti,,720,5000,20,-80,,,,,,,,,12,,,0,0,Hero,,,MechaDudeBigDefault,,,,,,,,takedamage_gen,mecha_def_ulti2_death,Gen_move_fx,Meg_Reload,No_ammo_shotgungirl,Meg_Dryfire,,,,,,,,,,,,,,,,,,,0,45,200,80,80,,,35,116,190,300,80,150,270,,200,-1000,,80,145,Medium,-80,,450,,,TID_MECHA_DUDE,,sc/ui.sc,hero_icon_tbd,100,human,footstep,35,350,160,,,2,3,1,,,,,,,,,800,,,,,,,,,4,3,2,2,,
DuplicatorPet,,,,DuplicatorWeapon,DuplicatorUlti,,720,2000,,,,,,,,,,,6,,,,,Minion_Duplicate,,,DuplicatorDefault,,,,,,,,,death_bull_dude,Gen_move_fx,,,,nita_def_ulti_spawn,,bear_attack,,,,,,,,,,,,,,,,,30,,85,80,,,25,106,200,280,,,,,500,-1250,,,145,Medium,-63,,100,,,,,,,,,footstep,25,250,160,,,,,,,,,,,,,,,,,,,,,,,,,,,,
MechaDudeAddon,,,,,,,0,1,,,,,,,,,,,,,,,,Minion_FollowOwner,,,MechaDudeBigDefaultAddon,,,,,,,,,,,,,,,,,,,,,,,,,,,,,,,,,,,80,80,,,35,100,100,200,90,190,250,,,,,,,,,,,,,,,,,,,,,,,,,,,,,,,,,,,,,,,,,,,,,,,,,,
f12191a373cbc743d1f7554b27999006a017d2eb,,true,shelly,ShotgunGirlWeapon,ShotgunGirlUlti,,720,3800,,,,,,,,,,,12,,,134,112,Hero,,,BanditGirlDefault,,,,,,,,takedamage_gen,death_shotgun_girl,Gen_move_fx,reload_shotgun_girl,No_ammo_shotgungirl,Dry_fire_shotgungirl,,,,,,,,,,,Shelly_Kill,Shelly_Lead,Shelly_Start,Utilshotgun_Vo,ShellyTakedamge_Vo,Shelly_Die,,Shelly_Start,2,30,,80,80,,,35,116,210,284,90,175,260,,,,-25,40,120,Medium,-48,,450,,,TID_SHOTGUN_GIRL,,sc/ui.sc,hero_icon_shelly,1000,human,footstep,25,250,200,,,1,3,2,,,,,,,,,,,ShellyTutorial,,,,,,,4,3,2,,,
CrossBomberVisionTower,,,,,,,0,1500,50,,,,,,,,,,12,,,,,Minion_Building,,,CrossBomberVisionTowerDefault,,,,,,CrossBomberVisionArea,,nuts_bolts_metal_small,nuts_bolts_metal_explosion,,,,,8bit_def_ulti_spawn,,,,,,,,,,,,,,,,,,,,,75,75,,,25,180,220,300,,,,,1400,-500,,,120,Medium,-49,,300,,,,,,,,,footstep,25,400,160,,,,,,,,,,,,,,,,,,,,,,,,,,,,
SafeVoxel,,,,,,,0,40000,,,,,700,,,,,,20,,,,,Pvp_Base,,,SafeVoxel,,,,,,,,nuts_bolts_metal_small_voxel,safe_explosion,,,,,,,,,,,,,,,,,,,,,,,,,,100,-100,0,0,0,84,,,,,,,,,,,160,Medium,-75,,300,,,,,,,,,footstep,25,400,160,,,,,,,,,,,,,,,,,,,,,,,,,,,,
FleaBigEgg,,,,,,FleaPet,0,2200,,,100,,4000,,3,AlwaysSpread,,FleaSpawnProjectile,13,,,,,Minion_Building,,,FleaBigEggDefault,,,,,,,,nuts_bolts_metal_small,nuts_bolts_metal_explosion,,,,,tara_def_ulti_starPower_spawn,,,,,,,,,,,,,,,,,,,35,,75,75,,,25,250,180,243,,,,,1000,-1400,,,120,Medium,-45,,150,,,,,,,,,footstep,25,400,160,,,,,,,,,,,,,,,,,,,10,,,,,,,5,,
FleaPet,,,,FleaPetWeapon,FleaPetUltiDummy,,1000,2000,100,,,,,,,,,,,,,1,,Minion_FindEnemies,,,FleaPetDefault,,,,,,,,,electricity_end_blue,Gen_move_fx,,,,tara_def_ulti_starPower_spawn,,bear_attack,,,,,,,,,,,,,,,,,30,,85,80,,,25,100,200,280,,,,,500,-1250,,,145,Medium,-63,,100,,,,,,,,,footstep,25,250,160,,,,,,,,,,,,,,,,,,true,,,,,,,,6,800,4
FleaHealingPet,,,,FleaPetWeapon,FleaPetUltiDummy,,1000,2000,100,,,,,,,,,,,,,1,,Minion_FindEnemies,,,FleaPetDefault,,,,,,,,,electricity_end_blue,Gen_move_fx,,,,tara_def_ulti_starPower_spawn,,bear_attack,,,,,,,,,,,,,,,,,30,,85,80,,,25,50,200,280,,,,,500,-1250,,,145,Medium,-63,,100,,,,,,,,,footstep,25,250,160,,,,,,,,,,,,,,,,,,true,,,,,,,,6,-1000,4
Payload,,,,,,,0,1,,,,,,,,,,,,,,,,Payload,,,PayloadDefault,true,,,,,,,,,Gen_move_fx,,,,,,,,,,,,,,,,,,,,,,,,,80,80,,,25,250,,,,,,,,,,,160,,,,,,,,,,,,,,130,50,,,,,,,,,,,,,,,,,,,,,,,,,,,,,
FleaExtraPet,,,,FleaPetWeapon,FleaPetUltiDummy,,1000,2000,100,,,,,,,,,,,,,1,,Minion_FindEnemies,,,FleaPetDefault,,,,,,,,,electricity_end_blue,Gen_move_fx,,,,tara_def_ulti_starPower_spawn,,bear_attack,,,,,,,,,,,,,,,,,30,,85,80,,,25,70,200,280,,,,,500,-1250,,,145,Medium,-63,,100,,,,,,,,,footstep,25,250,160,,,,,,,,,,,,,,,,,,true,,,,,,,,6,800,4
